rule,rule_slug,dimension,family,seed,density,horizon,selected_period,selected_shift_str,selected_nml_bits,selected_nll_bits,selected_complexity,selected_defect_rate,runner_up_period,runner_up_nml_bits,margin_bits,status,period_tie_count,selected_shift_tie_count
ECA-110,eca_110,1,eca,11,0.5,50,1,0,9687.607200004122,9062.750481014727,624.8567189893953,0.3933333333333333,7,9949.52246542432,261.9152654201989,stable_winner,1,1
ECA-110,eca_110,1,eca,11,0.5,100,7,0,18694.108564742783,15414.067663548807,3280.0409011939796,0.2960416666666666,1,18977.790105968754,283.6815412259675,stable_winner,1,1
ECA-110,eca_110,1,eca,11,0.5,200,4,-2,34686.037078064466,32186.610202106887,2499.426875957581,0.3046614583333333,8,36219.0407839703,1533.0037059058304,stable_winner,1,1
ECA-110,eca_110,1,eca,11,0.5,400,4,-2,60281.27498815458,57421.585315092685,2859.6896730619,0.2554947916666666,8,62223.55328375349,1942.2782955989096,stable_winner,1,1
ECA-110,eca_110,1,eca,11,0.5,600,4,-2,86536.5602319425,83462.83726592254,3073.722966019949,0.2361805555555555,8,88734.91957134256,2198.3593394000636,stable_winner,1,1
ECA-110,eca_110,1,eca,11,0.5,800,4,-2,102871.67900336492,99644.91790805547,3226.76109530943,0.2035546875,8,105227.64296090044,2355.9639575355104,stable_winner,1,1
ECA-110,eca_110,1,eca,12,0.5,50,7,0,9264.369343745728,6552.381850261868,2711.98749348386,0.2472916666666666,1,9606.099544714198,341.73020096846994,stable_winner,1,1
ECA-110,eca_110,1,eca,12,0.5,100,7,0,18516.03003533784,15235.989134143862,3280.0409011939796,0.2881770833333333,4,18831.674269025298,315.6442336874534,stable_winner,1,1
ECA-110,eca_110,1,eca,12,0.5,200,4,-2,33767.793574525946,31268.366698568367,2499.426875957581,0.297734375,7,34164.22051195642,396.4269374304713,stable_winner,1,1
ECA-110,eca_110,1,eca,12,0.5,400,4,-2,63624.057715282266,60764.36804222037,2859.6896730619,0.2686067708333333,8,65551.48179166726,1927.4240763849955,stable_winner,1,1
ECA-110,eca_110,1,eca,12,0.5,600,4,-2,95904.14576085574,92830.4227948358,3073.722966019949,0.2950954861111111,8,98081.62785622467,2177.4820953689486,stable_winner,1,1
ECA-110,eca_110,1,eca,12,0.5,800,4,-2,119588.87230718684,116362.1112118774,3226.76109530943,0.2719986979166666,8,121937.41848070522,2348.5461735183926,stable_winner,1,1
ECA-110,eca_110,1,eca,13,0.5,50,1,0,9640.86292403998,9016.006205050584,624.8567189893953,0.3863541666666666,7,9645.706584338608,4.843660298629402,stable_winner,1,1
ECA-110,eca_110,1,eca,13,0.5,100,3,2,18532.377253221995,16812.774862053484,1719.6023911685124,0.3343229166666667,7,18942.466643032632,410.089389810637,stable_winner,1,1
ECA-110,eca_110,1,eca,13,0.5,200,7,0,34876.28075158092,30999.65196697138,3876.628784609534,0.2990104166666666,4,36146.77038208002,1270.4896304991053,stable_winner,1,1
ECA-110,eca_110,1,eca,13,0.5,400,7,0,66773.89958031214,62279.584998206,4494.314582106134,0.3059765625,4,69406.89349859781,2632.993918285676,stable_winner,1,1
ECA-110,eca_110,1,eca,13,0.5,600,7,0,98115.61105402028,93252.54614303305,4863.064910987237,0.2973524305555555,10,100927.82416764516,2812.213113624879,stable_winner,1,1
ECA-110,eca_110,1,eca,13,0.5,800,10,2,137667.84627023208,130810.70156100173,6857.144709230364,0.30875,7,139074.06493798466,1406.2186677525751,stable_winner,1,1
ECA-110,eca_110,1,eca,14,0.5,50,7,0,9392.033612806312,6680.046119322452,2711.98749348386,0.2509375,1,9637.898635037682,245.86502223136995,stable_winner,1,1
ECA-110,eca_110,1,eca,14,0.5,100,7,0,17405.42590488157,14125.38500368759,3280.0409011939796,0.2603125,10,18276.23149087072,870.8055859891501,stable_winner,1,1
ECA-110,eca_110,1,eca,14,0.5,200,7,0,32749.69627011841,28873.067485508876,3876.628784609534,0.2545833333333333,4,35734.042376209865,2984.346106091456,stable_winner,1,1
ECA-110,eca_110,1,eca,14,0.5,400,7,0,63235.31857063803,58741.0039885319,4494.314582106134,0.2661979166666666,4,72404.377618973,9169.059048334966,stable_winner,1,1
ECA-110,eca_110,1,eca,14,0.5,600,7,0,99681.31626375447,94818.25135276726,4863.064910987237,0.3013715277777777,4,110940.76679662336,11259.450532868885,stable_winner,1,1
ECA-110,eca_110,1,eca,14,0.5,800,7,0,128812.59970351012,123685.20711828108,5127.392585229051,0.2923763020833333,10,141743.29356210114,12930.69385859101,stable_winner,1,1
ECA-110,eca_110,1,eca,15,0.5,50,7,0,9381.89831701638,6669.910823532522,2711.98749348386,0.2509375,1,9582.83130069586,200.93298367947864,stable_winner,1,1
ECA-110,eca_110,1,eca,15,0.5,100,4,-2,18723.861101029503,16575.280297783152,2148.5808032463533,0.33015625,1,18962.708841797164,238.84774076765825,stable_winner,1,1
ECA-110,eca_110,1,eca,15,0.5,200,4,-2,36565.65609422967,34066.22921827209,2499.426875957581,0.3362239583333333,2,37324.681772355405,759.025678125734,stable_winner,1,1
ECA-110,eca_110,1,eca,15,0.5,400,4,-2,71947.45689180495,69087.76721874304,2859.6896730619,0.3445833333333333,2,73748.09604722215,1800.6391554172003,stable_winner,1,1
ECA-110,eca_110,1,eca,15,0.5,600,7,0,104889.56505563427,100026.50014464706,4863.064910987237,0.3230121527777778,4,109664.853819841,4775.288764206722,stable_winner,1,1
ECA-110,eca_110,1,eca,15,0.5,800,7,0,142210.19409690902,137082.80151167998,5127.392585229051,0.3408854166666666,4,148107.714193789,5897.520096879976,stable_winner,1,1
ECA-110,eca_110,1,eca,16,0.5,50,1,0,9750.151437712935,9125.294718723542,624.8567189893953,0.3945833333333333,4,9947.087328728738,196.9358910158007,stable_winner,1,1
ECA-110,eca_110,1,eca,16,0.5,100,4,-2,18653.380915690766,16504.800112444413,2148.5808032463533,0.329375,7,18734.185675123757,80.80475943299098,stable_winner,1,1
ECA-110,eca_110,1,eca,16,0.5,200,7,0,35303.78727231964,31427.15848771011,3876.628784609534,0.3004947916666666,4,35634.59554415421,330.8082718345686,stable_winner,1,1
ECA-110,eca_110,1,eca,16,0.5,400,4,-2,72715.9356576383,69856.2459845764,2859.6896730619,0.3655338541666666,7,72762.7291896735,46.79353203519713,stable_winner,1,1
ECA-110,eca_110,1,eca,16,0.5,600,7,0,109311.21493365263,104448.15002266542,4863.064910987237,0.3499305555555556,4,111155.84642886832,1844.631495215668,stable_winner,1,1
ECA-110,eca_110,1,eca,16,0.5,800,7,0,146140.78495274714,141013.3923675181,5127.392585229051,0.3647005208333333,4,148384.68625644385,2243.901303696708,stable_winner,1,1
ECA-110,eca_110,1,eca,17,0.5,50,1,0,9727.606246646055,9102.749527656662,624.8567189893953,0.3955208333333333,4,9892.644796257771,165.0385496117142,stable_winner,1,1
ECA-110,eca_110,1,eca,17,0.5,100,7,0,18584.13192912725,15304.09102793327,3280.0409011939796,0.2966145833333333,1,19109.417949028702,525.286019901454,stable_winner,1,1
ECA-110,eca_110,1,eca,17,0.5,200,7,0,36050.00248169882,32173.37369708929,3876.628784609534,0.309140625,3,37482.00629481847,1432.0038131196488,stable_winner,1,1
ECA-110,eca_110,1,eca,17,0.5,400,7,0,68762.95908379264,64268.644501686504,4494.314582106134,0.3026302083333333,4,69340.63544121677,577.676357424134,stable_winner,1,1
ECA-110,eca_110,1,eca,17,0.5,600,7,0,93504.60453949204,88641.5396285048,4863.064910987237,0.2641840277777778,4,94124.38260342865,619.7780639365956,stable_winner,1,1
ECA-110,eca_110,1,eca,17,0.5,800,7,0,117426.29531061588,112298.90272538684,5127.392585229051,0.2372005208333333,4,124601.69298482184,7175.397674205946,stable_winner,1,1
ECA-110,eca_110,1,eca,18,0.5,50,1,0,9714.712553325857,9089.855834336462,624.8567189893953,0.3960416666666667,2,10097.138059777477,382.4255064516201,stable_winner,1,1
ECA-110,eca_110,1,eca,18,0.5,100,4,-2,18845.11797850845,16696.537175262096,2148.5808032463533,0.3303645833333333,1,19235.27597977142,390.1580012629711,stable_winner,1,1
ECA-110,eca_110,1,eca,18,0.5,200,4,-2,36924.24585260867,34424.81897665109,2499.426875957581,0.3477604166666667,7,37149.93033355255,225.68448094387713,stable_winner,1,1
ECA-110,eca_110,1,eca,18,0.5,400,7,0,71668.93320843411,67174.61862632798,4494.314582106134,0.3298697916666667,4,73635.6118159447,1966.678607510592,stable_winner,1,1
ECA-110,eca_110,1,eca,18,0.5,600,7,0,109165.5535754991,104302.48866451188,4863.064910987237,0.3530729166666667,4,111760.83049184676,2595.2769163476623,stable_winner,1,1
ECA-110,eca_110,1,eca,18,0.5,800,4,-2,145378.45109419173,142151.6899988823,3226.76109530943,0.3634700520833333,7,146626.77128116615,1248.3201869744223,stable_winner,1,1
ECA-110,eca_110,1,eca,19,0.5,50,4,-2,9362.53908033158,7552.273695510144,1810.2653848214345,0.2896875,1,9589.18471162119,226.64563128961163,stable_winner,1,1
ECA-110,eca_110,1,eca,19,0.5,100,4,-2,17901.668303829636,15753.087500583282,2148.5808032463533,0.2905729166666667,2,18880.910694852595,979.242391022959,stable_winner,1,1
ECA-110,eca_110,1,eca,19,0.5,200,4,-2,36822.63700455993,34323.21012860235,2499.426875957581,0.3474739583333333,7,37751.77665458748,929.139650027544,stable_winner,1,1
ECA-110,eca_110,1,eca,19,0.5,400,4,-2,74168.82725736462,71309.13758430272,2859.6896730619,0.3750911458333333,2,75285.29674348638,1116.4694861217577,stable_winner,1,1
ECA-110,eca_110,1,eca,19,0.5,600,4,-2,109975.63709716428,106901.91413114434,3073.722966019949,0.3728819444444444,5,112108.98654433056,2133.349447166256,stable_winner,1,1
ECA-110,eca_110,1,eca,19,0.5,800,4,-2,145939.47905709303,142712.7179617836,3226.76109530943,0.3730598958333333,7,147953.96964849922,2014.490591406182,stable_winner,1,1
ECA-110,eca_110,1,eca,20,0.5,50,7,0,8885.277356064347,6173.289862580486,2711.98749348386,0.226875,1,9618.907328060388,733.6299719960407,stable_winner,1,1
ECA-110,eca_110,1,eca,20,0.5,100,7,0,18600.114920066233,15320.074018872252,3280.0409011939796,0.2958333333333333,1,19198.181495212124,598.066575145891,stable_winner,1,1
ECA-110,eca_110,1,eca,20,0.5,200,7,0,37030.11966135173,33153.490876742195,3876.628784609534,0.329921875,4,37188.50005294308,158.38039159135224,stable_winner,1,1
ECA-110,eca_110,1,eca,20,0.5,400,7,0,73551.43857634657,69057.12399424044,4494.314582106134,0.3524479166666667,4,74362.61191938959,811.1733430430177,stable_winner,1,1
ECA-110,eca_110,1,eca,20,0.5,600,7,0,110047.49481829078,105184.42990730357,4863.064910987237,0.3618402777777778,4,111331.97430729085,1284.4794890000485,stable_winner,1,1
ECA-110,eca_110,1,eca,20,0.5,800,7,0,142996.32722992302,137868.93464469397,5127.392585229051,0.3529557291666667,4,143078.1475226143,81.8202926912927,stable_winner,1,1
ECA-30,eca_30,1,eca,11,0.5,50,2,2,9989.80462685572,8915.514225232542,1074.2904016231766,0.3778125,1,10060.45662781546,70.65200095974069,stable_winner,1,1
ECA-30,eca_30,1,eca,11,0.5,100,1,-3,19752.81606432261,19037.893646057135,714.922418265475,0.4563020833333333,2,19862.078898070256,109.26283374764536,stable_winner,1,1
ECA-30,eca_30,1,eca,11,0.5,200,1,4,39043.02920117992,38236.33892735256,806.6902738273575,0.4684635416666666,2,39196.50224891092,153.4730477310004,stable_winner,1,1
ECA-30,eca_30,1,eca,11,0.5,400,1,6,77525.72041466476,76633.36659201705,892.3538226477162,0.4775520833333333,2,77771.89614532159,246.17573065683249,stable_winner,1,1
ECA-30,eca_30,1,eca,11,0.5,600,1,-5,115984.3297659928,115035.81954327588,948.5102227169472,0.4823958333333333,2,116293.44538898084,309.1156229880289,stable_winner,1,1
ECA-30,eca_30,1,eca,11,0.5,800,1,-5,154420.02111725268,153431.66729460497,988.3538226477162,0.4843294270833333,2,154794.27500194503,374.2538846923562,stable_winner,1,1
ECA-30,eca_30,1,eca,12,0.5,50,2,2,9917.515949442914,8843.225547819737,1074.2904016231766,0.3698958333333333,1,10035.700161529834,118.18421208692052,stable_winner,1,1
ECA-30,eca_30,1,eca,12,0.5,100,1,-5,19734.999340232866,19020.07692196739,714.922418265475,0.4553125,2,19899.604531334295,164.60519110142923,stable_winner,1,1
ECA-30,eca_30,1,eca,12,0.5,200,1,6,39039.50726350617,38232.81698967882,806.6902738273575,0.469140625,2,39272.02055641781,232.5132929116371,stable_winner,1,1
ECA-30,eca_30,1,eca,12,0.5,400,1,3,77521.96135154086,76629.60752889315,892.3538226477162,0.4774479166666667,2,77792.12671736356,270.16536582270055,stable_winner,1,1
ECA-30,eca_30,1,eca,12,0.5,600,1,0,115987.8595209918,115039.34929827489,948.5102227169472,0.4820659722222222,2,116322.52968676185,334.6701657700323,stable_winner,1,1
ECA-30,eca_30,1,eca,12,0.5,800,1,5,154409.59079022633,153421.23696757862,988.3538226477162,0.4836783854166667,2,154737.15132257622,327.5605323498894,stable_winner,1,1
ECA-30,eca_30,1,eca,13,0.5,50,2,2,10017.975007656794,8943.684606033617,1074.2904016231766,0.3780208333333333,1,10065.815106231208,47.84009857441379,stable_winner,1,1
ECA-30,eca_30,1,eca,13,0.5,100,1,0,19774.69247289029,19059.770054624812,714.922418265475,0.4586979166666666,2,19780.109232411436,5.416759521147469,stable_winner,1,1
ECA-30,eca_30,1,eca,13,0.5,200,1,5,39041.8089897886,38235.118715961245,806.6902738273575,0.4686979166666666,2,39176.87319016306,135.06420037445787,stable_winner,1,1
ECA-30,eca_30,1,eca,13,0.5,400,1,-5,77526.23947129775,76633.88564865004,892.3538226477162,0.4781380208333333,2,77826.42213539501,300.18266409725766,stable_winner,1,1
ECA-30,eca_30,1,eca,13,0.5,600,1,-5,115954.8156458632,115006.30542314624,948.5102227169472,0.4803298611111111,2,116324.3677740852,369.5521282220143,stable_winner,1,1
ECA-30,eca_30,1,eca,13,0.5,800,1,-5,154406.58836644347,153418.23454379576,988.3538226477162,0.4839518229166666,2,154819.54811417597,412.95974773250055,stable_winner,1,1
ECA-30,eca_30,1,eca,14,0.5,50,2,2,10024.537097737331,8950.246696114154,1074.2904016231766,0.3805208333333333,1,10046.484306972989,21.947209235657283,stable_winner,1,1
ECA-30,eca_30,1,eca,14,0.5,100,1,-1,19746.76142977497,19031.839011509495,714.922418265475,0.4552083333333333,2,19874.44031978647,127.67889001150252,stable_winner,1,1
ECA-30,eca_30,1,eca,14,0.5,200,1,-3,39019.23768788241,38212.54741405505,806.6902738273575,0.4672916666666666,2,39191.0564560675,171.81876818509045,stable_winner,1,1
ECA-30,eca_30,1,eca,14,0.5,400,1,-3,77516.14551130377,76623.79168865606,892.3538226477162,0.4769010416666667,2,77801.19636847249,285.0508571687242,stable_winner,1,1
ECA-30,eca_30,1,eca,14,0.5,600,1,-3,115976.90808911504,115028.3978663981,948.5102227169472,0.4816579861111111,2,116348.9597355667,372.0516464516695,stable_winner,1,1
ECA-30,eca_30,1,eca,14,0.5,800,1,6,154423.46160328414,153435.10778063643,988.3538226477162,0.48443359375,2,154786.0452424357,362.58363915156224,stable_winner,1,1
ECA-30,eca_30,1,eca,15,0.5,50,1,5,10036.738137545804,9411.881418556408,624.8567189893953,0.43375,2,10057.535740390073,20.79760284426993,stable_winner,1,1
ECA-30,eca_30,1,eca,15,0.5,100,1,-6,19742.202685385884,19027.280267120408,714.922418265475,0.4554166666666667,2,19853.521053150725,111.31836776484124,stable_winner,1,1
ECA-30,eca_30,1,eca,15,0.5,200,1,2,39055.04970551344,38248.35943168608,806.6902738273575,0.4704947916666667,2,39199.330455924915,144.2807504114753,stable_winner,1,1
ECA-30,eca_30,1,eca,15,0.5,400,1,4,77520.39854826406,76628.04472561635,892.3538226477162,0.4786588541666666,2,77724.42613160079,204.0275833367341,stable_winner,1,1
ECA-30,eca_30,1,eca,15,0.5,600,1,3,115968.76740243808,115020.25717972114,948.5102227169472,0.4813368055555556,2,116208.08647120162,239.31906876353605,stable_winner,1,1
ECA-30,eca_30,1,eca,15,0.5,800,1,4,154413.29752977018,153424.94370712247,988.3538226477162,0.48404296875,2,154661.5703623317,248.2728325615171,stable_winner,1,1
ECA-30,eca_30,1,eca,16,0.5,50,1,2,10057.06855547631,9432.211836486917,624.8567189893953,0.4372916666666667,2,10075.90469369184,18.83613821553081,stable_winner,1,1
ECA-30,eca_30,1,eca,16,0.5,100,1,-1,19737.682551958056,19022.76013369258,714.922418265475,0.4547916666666666,2,19837.69855872666,100.01600676860473,stable_winner,1,1
ECA-30,eca_30,1,eca,16,0.5,200,1,-1,39036.19825482113,38229.507980993774,806.6902738273575,0.46953125,2,39240.93427191786,204.73601709672948,stable_winner,1,1
ECA-30,eca_30,1,eca,16,0.5,400,1,-1,77520.45440866527,76628.10058601756,892.3538226477162,0.4779817708333333,2,77778.51815447981,258.06374581453565,stable_winner,1,1
ECA-30,eca_30,1,eca,16,0.5,600,1,6,115968.98646482104,115020.47624210412,948.5102227169472,0.4818402777777777,2,116316.11172652684,347.1252617058053,stable_winner,1,1
ECA-30,eca_30,1,eca,16,0.5,800,1,6,154405.5068794685,153417.1530568208,988.3538226477162,0.4838346354166666,2,154788.61323415273,383.1063546842197,stable_winner,1,1
ECA-30,eca_30,1,eca,17,0.5,50,2,2,9961.78951605047,8887.499114427294,1074.2904016231766,0.3708333333333333,1,10056.38258520113,94.59306915066009,stable_winner,1,1
ECA-30,eca_30,1,eca,17,0.5,100,1,-3,19738.586318851336,19023.66390058586,714.922418265475,0.4550520833333333,2,19838.434840205984,99.84852135464826,stable_winner,1,1
ECA-30,eca_30,1,eca,17,0.5,200,1,-3,39033.50376262905,38226.813488801694,806.6902738273575,0.467890625,2,39182.10538178915,148.6016191601011,stable_winner,1,1
ECA-30,eca_30,1,eca,17,0.5,400,1,-3,77517.65398217144,76625.30015952373,892.3538226477162,0.4765885416666666,2,77813.5073590076,295.8533768361667,stable_winner,1,1
ECA-30,eca_30,1,eca,17,0.5,600,1,-3,115956.97784653184,115008.46762381493,948.5102227169472,0.4806510416666666,2,116261.98157098904,305.0037244572013,stable_winner,1,1
ECA-30,eca_30,1,eca,17,0.5,800,1,-3,154371.41810827405,153383.06428562634,988.3538226477162,0.4819596354166666,2,154721.0551358291,349.637027555058,stable_winner,1,1
ECA-30,eca_30,1,eca,18,0.5,50,2,2,10041.244372127036,8966.95397050386,1074.2904016231766,0.3798958333333333,1,10056.381124438827,15.136752311789678,stable_winner,1,1
ECA-30,eca_30,1,eca,18,0.5,100,1,-6,19733.816518929776,19018.8941006643,714.922418265475,0.4539583333333333,2,19885.965429663167,152.14891073339095,stable_winner,1,1
ECA-30,eca_30,1,eca,18,0.5,200,1,6,39041.42219263761,38234.731918810256,806.6902738273575,0.468515625,2,39326.91071687987,285.4885242422606,stable_winner,1,1
ECA-30,eca_30,1,eca,18,0.5,400,1,6,77536.39755895895,76644.04373631124,892.3538226477162,0.4790494791666667,2,77865.73478377944,329.33722482048324,stable_winner,1,1
ECA-30,eca_30,1,eca,18,0.5,600,1,6,115985.96686955565,115037.45664683868,948.5102227169472,0.48171875,2,116339.55176311667,353.58489356105565,stable_winner,1,1
ECA-30,eca_30,1,eca,18,0.5,800,1,-1,154430.39214327224,153442.03832062453,988.3538226477162,0.4849153645833333,2,154828.22007830537,397.8279350331286,stable_winner,1,1
ECA-30,eca_30,1,eca,19,0.5,50,1,3,10064.865950788717,9440.009231799322,624.8567189893953,0.4398958333333333,2,10073.53299248886,8.667041700144182,stable_winner,1,1
ECA-30,eca_30,1,eca,19,0.5,100,1,-1,19723.972812967837,19009.05039470236,714.922418265475,0.4555208333333333,2,19745.93026281106,21.957449843223003,stable_winner,1,1
ECA-30,eca_30,1,eca,19,0.5,200,1,6,39031.083718459704,38224.39344463235,806.6902738273575,0.4678385416666666,2,39195.40317812591,164.31945966620697,stable_winner,1,1
ECA-30,eca_30,1,eca,19,0.5,400,1,2,77504.31221380434,76611.95839115663,892.3538226477162,0.4764192708333333,2,77729.70321285052,225.39099904618345,stable_winner,1,1
ECA-30,eca_30,1,eca,19,0.5,600,1,2,115980.07718755852,115031.5669648416,948.5102227169472,0.4817447916666666,2,116246.09807446317,266.02088690461824,stable_winner,1,1
ECA-30,eca_30,1,eca,19,0.5,800,1,2,154412.05117696448,153423.69735431677,988.3538226477162,0.48416015625,2,154740.0997707057,328.04859374123043,stable_winner,1,1
ECA-30,eca_30,1,eca,20,0.5,50,2,2,9929.61252334196,8855.322121718782,1074.2904016231766,0.3739583333333333,1,10026.260092757208,96.64756941524864,stable_winner,1,1
ECA-30,eca_30,1,eca,20,0.5,100,2,2,19628.59101793372,18378.877579954933,1249.7134379787906,0.4044270833333333,1,19728.89390494179,100.30288700806705,stable_winner,1,1
ECA-30,eca_30,1,eca,20,0.5,200,1,4,39032.142870059346,38225.45259623199,806.6902738273575,0.468203125,2,39105.14292411743,73.00005405808042,stable_winner,1,1
ECA-30,eca_30,1,eca,20,0.5,400,1,-6,77529.82312202861,76637.4692993809,892.3538226477162,0.4782421875,2,77776.00237434094,246.17925231232948,stable_winner,1,1
ECA-30,eca_30,1,eca,20,0.5,600,1,4,115963.94383791076,115015.4336151938,948.5102227169472,0.4810243055555555,2,116358.76031679603,394.8164788853028,stable_winner,1,1
ECA-30,eca_30,1,eca,20,0.5,800,1,5,154424.56671354634,153436.21289089863,988.3538226477162,0.4847916666666667,2,154835.30987653078,410.7431629844359,stable_winner,1,1
ECA-54,eca_54,1,eca,11,0.5,50,4,0,7797.52989263868,5987.264507817246,1810.2653848214345,0.2117708333333333,8,8478.795486437986,681.2655937993059,stable_winner,1,1
ECA-54,eca_54,1,eca,11,0.5,100,4,0,13804.55518099388,11655.974377747529,2148.5808032463533,0.2010416666666666,8,14877.110894334706,1072.5557133408256,stable_winner,1,1
ECA-54,eca_54,1,eca,11,0.5,200,4,0,28606.568844139572,26107.14196818199,2499.426875957581,0.2239583333333333,8,30124.422296357956,1517.8534522183836,stable_winner,1,1
ECA-54,eca_54,1,eca,11,0.5,400,4,0,55084.82769255827,52225.13801949637,2859.6896730619,0.2309505208333333,8,56998.23241863987,1913.4047260816003,stable_winner,1,1
ECA-54,eca_54,1,eca,11,0.5,600,4,0,88510.56739703634,85436.84443101639,3073.722966019949,0.2581336805555556,8,90674.0699624163,2163.502565379953,stable_winner,1,1
ECA-54,eca_54,1,eca,11,0.5,800,4,0,122447.63868505182,119220.8775897424,3226.76109530943,0.2953645833333333,8,124766.3326246151,2318.69393956328,stable_winner,1,1
ECA-54,eca_54,1,eca,12,0.5,50,4,0,7709.955892457807,5899.690507636373,1810.2653848214345,0.2047916666666666,8,8483.245092008114,773.2891995503069,stable_winner,1,1
ECA-54,eca_54,1,eca,12,0.5,100,4,0,15732.06370298324,13583.482899736888,2148.5808032463533,0.2418229166666666,2,16677.99036376903,945.926660785788,stable_winner,1,1
ECA-54,eca_54,1,eca,12,0.5,200,4,0,33232.36095423059,30732.934078273018,2499.426875957581,0.281875,2,34195.04658560941,962.6856313788156,stable_winner,1,1
ECA-54,eca_54,1,eca,12,0.5,400,4,0,66784.53493179499,63924.84525873309,2859.6896730619,0.3089713541666666,8,68729.9686225647,1945.4336907697143,stable_winner,1,1
ECA-54,eca_54,1,eca,12,0.5,600,4,0,102571.49917310115,99497.77620708122,3073.722966019949,0.325859375,8,104729.41340313976,2157.914230038601,stable_winner,1,1
ECA-54,eca_54,1,eca,12,0.5,800,4,0,139502.8091501543,136276.04805484487,3226.76109530943,0.3345833333333333,2,141486.88588982224,1984.076739667944,stable_winner,1,1
ECA-54,eca_54,1,eca,13,0.5,50,4,0,8686.87195414669,6876.606569325256,1810.2653848214345,0.2534375,2,9114.133294179112,427.2613400324226,stable_winner,1,1
ECA-54,eca_54,1,eca,13,0.5,100,4,0,15241.140035891103,13092.559232644751,2148.5808032463533,0.2250520833333333,8,16362.364376814829,1121.2243409237235,stable_winner,1,1
ECA-54,eca_54,1,eca,13,0.5,200,4,0,30138.211692899033,27638.78481694145,2499.426875957581,0.2455729166666666,8,31649.880568316315,1511.6688754172828,stable_winner,1,1
ECA-54,eca_54,1,eca,13,0.5,400,4,0,57004.512529015854,54144.82285595396,2859.6896730619,0.2493098958333333,8,58910.11597524443,1905.6034462285752,stable_winner,1,1
ECA-54,eca_54,1,eca,13,0.5,600,4,0,88351.23416964799,85277.51120362803,3073.722966019949,0.2509114583333333,8,90523.4604792648,2172.226309616817,stable_winner,1,1
ECA-54,eca_54,1,eca,13,0.5,800,4,0,126828.31473195512,123601.5536366457,3226.76109530943,0.2944466145833333,8,129189.54466380808,2361.229931852955,stable_winner,1,1
ECA-54,eca_54,1,eca,14,0.5,50,4,0,8773.408300255667,6963.142915434233,1810.2653848214345,0.2603125,2,9370.22417238419,596.8158721285236,stable_winner,1,1
ECA-54,eca_54,1,eca,14,0.5,100,4,0,17353.9707428299,15205.389939583549,2148.5808032463533,0.2878125,2,18080.18390960907,726.2131667791691,stable_winner,1,1
ECA-54,eca_54,1,eca,14,0.5,200,4,0,34604.29630450167,32104.86942854409,2499.426875957581,0.3067708333333333,2,35570.57984736318,966.2835428615072,stable_winner,1,1
ECA-54,eca_54,1,eca,14,0.5,400,4,0,69011.58005943194,66151.89038637004,2859.6896730619,0.3192578125,2,70841.50733203332,1829.9272726013733,stable_winner,1,1
ECA-54,eca_54,1,eca,14,0.5,600,4,0,105332.01023665066,102258.28727063072,3073.722966019949,0.3354774305555555,2,106333.27014042804,1001.2599037773762,stable_winner,1,1
ECA-54,eca_54,1,eca,14,0.5,800,4,0,138543.62859221827,135316.86749690885,3226.76109530943,0.33349609375,8,140864.86599320843,2321.237400990154,stable_winner,1,1
ECA-54,eca_54,1,eca,15,0.5,50,4,0,7743.245939028051,5932.980554206616,1810.2653848214345,0.2084375,8,8456.60903534147,713.3630963134183,stable_winner,1,1
ECA-54,eca_54,1,eca,15,0.5,100,4,0,15425.246565618623,13276.66576237227,2148.5808032463533,0.2505208333333333,8,16502.185473804435,1076.9389081858117,stable_winner,1,1
ECA-54,eca_54,1,eca,15,0.5,200,4,0,31127.739698265952,28628.31282230837,2499.426875957581,0.2736458333333333,8,32566.89127254413,1439.151574278174,stable_winner,1,1
ECA-54,eca_54,1,eca,15,0.5,400,4,0,64519.52963848952,61659.83996542762,2859.6896730619,0.2963151041666667,8,66384.85853554051,1865.328897050989,stable_winner,1,1
ECA-54,eca_54,1,eca,15,0.5,600,4,0,97801.27149501228,94727.54852899234,3073.722966019949,0.3046701388888889,8,99923.2344192482,2121.9629242359224,stable_winner,1,1
ECA-54,eca_54,1,eca,15,0.5,800,4,0,130311.67469433998,127084.91359903057,3226.76109530943,0.3112760416666666,8,132614.56414096622,2302.8894466262427,stable_winner,1,1
ECA-54,eca_54,1,eca,16,0.5,50,4,0,8187.283150424151,6377.017765602717,1810.2653848214345,0.2360416666666666,8,8949.10944140605,761.8262909818986,stable_winner,1,1
ECA-54,eca_54,1,eca,16,0.5,100,4,0,16250.317186054948,14101.736382808594,2148.5808032463533,0.271875,8,17436.91083653143,1186.5936504764832,stable_winner,1,1
ECA-54,eca_54,1,eca,16,0.5,200,4,0,31792.044233879253,29292.61735792167,2499.426875957581,0.2732291666666667,8,33323.728218669334,1531.683984790081,stable_winner,1,1
ECA-54,eca_54,1,eca,16,0.5,400,4,0,65672.22754322947,62812.537870167565,2859.6896730619,0.2968489583333333,8,67615.79230665225,1943.564763422779,stable_winner,1,1
ECA-54,eca_54,1,eca,16,0.5,600,4,0,98603.4033802571,95529.68041423715,3073.722966019949,0.3025520833333333,8,100731.26091978877,2127.8575395316584,stable_winner,1,1
ECA-54,eca_54,1,eca,16,0.5,800,4,0,134206.66009462043,130979.898999311,3226.76109530943,0.3142903645833333,8,136519.22784004128,2312.567745420849,stable_winner,1,1
ECA-54,eca_54,1,eca,17,0.5,50,4,0,8381.082502508883,6570.817117687449,1810.2653848214345,0.2458333333333333,2,9118.474559584663,737.39205707578,stable_winner,1,1
ECA-54,eca_54,1,eca,17,0.5,100,4,0,14321.50760347164,12172.926800225288,2148.5808032463533,0.2068229166666666,8,15503.665303337217,1182.1576998655764,stable_winner,1,1
ECA-54,eca_54,1,eca,17,0.5,200,4,0,27458.988965309283,24959.5620893517,2499.426875957581,0.2084635416666666,8,28980.4465570986,1521.4575917893162,stable_winner,1,1
ECA-54,eca_54,1,eca,17,0.5,400,4,0,63891.76061702072,61032.070943958825,2859.6896730619,0.2893880208333333,8,65843.037541627,1951.2769246062744,stable_winner,1,1
ECA-54,eca_54,1,eca,17,0.5,600,4,0,94654.30858610947,91580.58562008954,3073.722966019949,0.2803993055555555,8,96835.44286997948,2181.1342838699784,stable_winner,1,1
ECA-54,eca_54,1,eca,17,0.5,800,4,0,125632.61651556076,122405.85542025136,3226.76109530943,0.2814713541666667,8,127973.55116136328,2340.93464580251,stable_winner,1,1
ECA-54,eca_54,1,eca,18,0.5,50,4,0,8804.15492455492,6993.889539733485,1810.2653848214345,0.2592708333333333,2,9313.056492117928,508.90156756300894,stable_winner,1,1
ECA-54,eca_54,1,eca,18,0.5,100,4,0,16920.069071314512,14771.48826806816,2148.5808032463533,0.2789583333333333,2,17840.623202511684,920.554131197172,stable_winner,1,1
ECA-54,eca_54,1,eca,18,0.5,200,4,0,34159.23930795424,31659.812431996656,2499.426875957581,0.3037239583333333,2,35078.69801628852,919.4587083342848,stable_winner,1,1
ECA-54,eca_54,1,eca,18,0.5,400,4,0,69895.33892914365,67035.64925608174,2859.6896730619,0.3274479166666666,2,70701.33662787273,805.9976987290866,stable_winner,1,1
ECA-54,eca_54,1,eca,18,0.5,600,4,0,104237.04654116488,101163.32357514492,3073.722966019949,0.3292274305555555,2,105818.30027345708,1581.2537322922144,stable_winner,1,1
ECA-54,eca_54,1,eca,18,0.5,800,4,0,137517.68566820427,134290.92457289484,3226.76109530943,0.3305403645833333,8,139831.09009607675,2313.404427872476,stable_winner,1,1
ECA-54,eca_54,1,eca,19,0.5,50,4,0,8947.357253873915,7137.091869052481,1810.2653848214345,0.2710416666666667,2,9332.301436004516,384.9441821306009,stable_winner,1,1
ECA-54,eca_54,1,eca,19,0.5,100,4,0,17554.30081592913,15405.720012682776,2148.5808032463533,0.2973958333333333,2,18144.48027882853,590.1794628993994,stable_winner,1,1
ECA-54,eca_54,1,eca,19,0.5,200,4,0,34111.382544781394,31611.955668823815,2499.426875957581,0.3033854166666667,2,35362.617940723496,1251.2353959421016,stable_winner,1,1
ECA-54,eca_54,1,eca,19,0.5,400,4,0,65854.50381096735,62994.81413790545,2859.6896730619,0.3060416666666666,8,67735.51059996402,1881.006788996674,stable_winner,1,1
ECA-54,eca_54,1,eca,19,0.5,600,4,0,99353.87299468832,96280.15002866836,3073.722966019949,0.3168576388888889,8,101476.19485746764,2122.3218627793103,stable_winner,1,1
ECA-54,eca_54,1,eca,19,0.5,800,4,0,134428.72224761607,131201.96115230664,3226.76109530943,0.3232747395833333,8,136741.78031093342,2313.058063317352,stable_winner,1,1
ECA-54,eca_54,1,eca,20,0.5,50,4,0,8558.494294542646,6748.228909721212,1810.2653848214345,0.2605208333333333,2,9247.78646081561,689.2921662729641,stable_winner,1,1
ECA-54,eca_54,1,eca,20,0.5,100,4,0,16086.78987559245,13938.209072346095,2148.5808032463533,0.26765625,8,17182.835604352582,1096.0457287601312,stable_winner,1,1
ECA-54,eca_54,1,eca,20,0.5,200,4,0,32687.530364508235,30188.103488550652,2499.426875957581,0.2953645833333333,8,34202.25004774041,1514.7196832321752,stable_winner,1,1
ECA-54,eca_54,1,eca,20,0.5,400,4,0,66229.82137284326,63370.13169978136,2859.6896730619,0.30171875,8,68128.93193523561,1899.1105623923504,stable_winner,1,1
ECA-54,eca_54,1,eca,20,0.5,600,4,0,101879.5941053358,98805.87113931586,3073.722966019949,0.3177170138888889,8,104010.4951348698,2130.901029533983,stable_winner,1,1
ECA-54,eca_54,1,eca,20,0.5,800,4,0,134450.3783884458,131223.61729313637,3226.76109530943,0.3183658854166666,8,136757.16788132073,2306.78949287493,stable_winner,1,1
Diamoeba,diamoeba,2,life_rulestring,11,0.5,50,1,"(0, 0)",108194.26417905402,94863.98750728024,13330.276671773769,0.1393408203125,2,111880.9351762535,3686.670997199471,stable_winner,1,1
Diamoeba,diamoeba,2,life_rulestring,11,0.5,100,1,"(0, 0)",199713.5568692314,184461.8786129013,15251.678256330137,0.13858642578125,2,206036.88255266915,6323.3256834377535,stable_winner,1,1
Diamoeba,diamoeba,2,life_rulestring,11,0.5,200,1,"(0, 0)",384454.3501307019,367244.95762238494,17209.39250831696,0.148045654296875,2,394031.50787651894,9577.157745817036,stable_winner,1,1
Diamoeba,diamoeba,2,life_rulestring,11,0.5,400,1,"(0, 0)",533792.518463233,514755.6369134151,19036.881549817947,0.0770758056640625,2,545641.978250039,11849.459786806025,stable_winner,1,1
Diamoeba,diamoeba,2,life_rulestring,11,0.5,600,1,"(0, 0)",615046.6052658437,594811.7205145488,20234.88475129487,0.0513838704427083,2,627701.5182725786,12654.913006734918,stable_winner,1,1
Diamoeba,diamoeba,2,life_rulestring,11,0.5,800,1,"(0, 0)",671271.1620333719,650186.2804835539,21084.881549817947,0.0385379028320312,2,684798.6482964016,13527.486263029745,stable_winner,1,1
Diamoeba,diamoeba,2,life_rulestring,12,0.5,50,1,"(0, 0)",116139.45509136502,102809.17841959123,13330.276671773769,0.15517578125,2,118578.40469814652,2438.9496067815053,stable_winner,1,1
Diamoeba,diamoeba,2,life_rulestring,12,0.5,100,1,"(0, 0)",234183.23563702937,218931.55738069923,15251.678256330137,0.17326904296875,2,239828.7467301191,5645.5110930897645,stable_winner,1,1
Diamoeba,diamoeba,2,life_rulestring,12,0.5,200,1,"(0, 0)",504223.8881681809,487014.4956598639,17209.39250831696,0.19969482421875,2,513766.1685042215,9542.280336040596,stable_winner,1,1
Diamoeba,diamoeba,2,life_rulestring,12,0.5,400,1,"(0, 0)",759589.4411776988,740552.5596278808,19036.881549817947,0.124810791015625,2,771559.6329140876,11970.191736388835,stable_winner,1,1
Diamoeba,diamoeba,2,life_rulestring,12,0.5,600,1,"(0, 0)",893802.0911040736,873567.2063527787,20234.88475129487,0.0832071940104166,2,906610.2614083448,12808.170304271276,stable_winner,1,1
Diamoeba,diamoeba,2,life_rulestring,12,0.5,800,1,"(0, 0)",985843.4574260355,964758.5758762176,21084.881549817947,0.0624053955078125,2,999538.6623599244,13695.204933888745,stable_winner,1,1
Diamoeba,diamoeba,2,life_rulestring,13,0.5,50,1,"(0, 0)",98677.21101709934,85346.93434532557,13330.276671773769,0.12001953125,2,101245.5562338853,2568.345216785965,stable_winner,1,1
Diamoeba,diamoeba,2,life_rulestring,13,0.5,100,1,"(0, 0)",176772.97658012484,161521.2983237947,15251.678256330137,0.1159033203125,2,180232.8556270332,3459.879046908347,stable_winner,1,1
Diamoeba,diamoeba,2,life_rulestring,13,0.5,200,1,"(0, 0)",365499.2746607008,348289.8821523838,17209.39250831696,0.133094482421875,2,368645.0943368167,3145.8196761159925,stable_winner,1,1
Diamoeba,diamoeba,2,life_rulestring,13,0.5,400,1,"(0, 0)",898301.9378050654,879265.0562552474,19036.881549817947,0.1712701416015625,2,901811.7760350392,3509.838229973684,stable_winner,1,1
Diamoeba,diamoeba,2,life_rulestring,13,0.5,600,1,"(0, 0)",1394669.2617522995,1374434.3770010043,20234.88475129487,0.2078812662760416,2,1401034.540145369,6365.278393069515,stable_winner,1,1
Diamoeba,diamoeba,2,life_rulestring,13,0.5,800,1,"(0, 0)",1692253.1317449291,1671168.2501951111,21084.881549817947,0.1716653442382812,2,1700116.6777572138,7863.5460122847,stable_winner,1,1
Diamoeba,diamoeba,2,life_rulestring,14,0.5,50,1,"(0, 0)",108679.90121304734,95349.62454127356,13330.276671773769,0.1391455078125,2,111157.7853716908,2477.8841586434573,stable_winner,1,1
Diamoeba,diamoeba,2,life_rulestring,14,0.5,100,1,"(0, 0)",211390.23412079483,196138.5558644647,15251.678256330137,0.15064208984375,2,215728.7974497365,4338.563328941673,stable_winner,1,1
Diamoeba,diamoeba,2,life_rulestring,14,0.5,200,1,"(0, 0)",518628.5017951531,501419.1092868361,17209.39250831696,0.21275146484375,2,526818.5246111718,8190.022816018725,stable_winner,1,1
Diamoeba,diamoeba,2,life_rulestring,14,0.5,400,1,"(0, 0)",833062.2636129803,814025.3820631623,19036.881549817947,0.147679443359375,2,844318.3181726733,11256.05455969309,stable_winner,1,1
Diamoeba,diamoeba,2,life_rulestring,14,0.5,600,1,"(0, 0)",994353.5498069832,974118.6650556884,20234.88475129487,0.0984529622395833,2,1006543.2411022054,12189.691295222146,stable_winner,1,1
Diamoeba,diamoeba,2,life_rulestring,14,0.5,800,1,"(0, 0)",1104312.046419163,1083227.164869345,21084.881549817947,0.0738397216796875,2,1117428.342196906,13116.295777742984,stable_winner,1,1
Diamoeba,diamoeba,2,life_rulestring,15,0.5,50,1,"(0, 0)",106476.39824396424,93146.12157219046,13330.276671773769,0.134931640625,2,109230.89272536004,2754.494481395799,stable_winner,1,1
Diamoeba,diamoeba,2,life_rulestring,15,0.5,100,1,"(0, 0)",205990.9043745608,190739.22611823067,15251.678256330137,0.1455322265625,2,211345.18592349757,5354.281548936764,stable_winner,1,1
Diamoeba,diamoeba,2,life_rulestring,15,0.5,200,1,"(0, 0)",394847.4646297119,377638.0721213949,17209.39250831696,0.145382080078125,2,400232.69458558224,5385.229955870367,stable_winner,1,1
Diamoeba,diamoeba,2,life_rulestring,15,0.5,400,2,"(0, 0)",664029.2880768301,629610.5030601962,34418.78501663392,0.1136566162109375,1,670404.9477723192,6375.659695489099,stable_winner,1,1
Diamoeba,diamoeba,2,life_rulestring,15,0.5,600,2,"(0, 0)",838924.2436582448,802550.4741556551,36373.76950258975,0.0856953938802083,1,860211.4709865105,21287.227328265668,stable_winner,1,1
Diamoeba,diamoeba,2,life_rulestring,15,0.5,800,2,"(0, 0)",1040467.280841452,1002393.517741816,38073.76309963589,0.0786279296875,4,1069890.3742303883,29423.09338893625,stable_winner,1,1
Diamoeba,diamoeba,2,life_rulestring,16,0.5,50,1,"(0, 0)",107313.2497934258,93982.97312165204,13330.276671773769,0.134697265625,2,110104.59184744315,2791.3420540173684,stable_winner,1,1
Diamoeba,diamoeba,2,life_rulestring,16,0.5,100,1,"(0, 0)",202809.97715253427,187558.29889620413,15251.678256330137,0.141796875,2,207719.1810791946,4909.203926660324,stable_winner,1,1
Diamoeba,diamoeba,2,life_rulestring,16,0.5,200,1,"(0, 0)",392823.07563461544,375613.6831262985,17209.39250831696,0.141444091796875,2,398092.0816553135,5269.006020698114,stable_winner,1,1
Diamoeba,diamoeba,2,life_rulestring,16,0.5,400,2,"(0, 0)",660708.6503265401,626289.8653099062,34418.78501663392,0.1103228759765625,1,665268.2255013678,4559.575174827711,stable_winner,1,1
Diamoeba,diamoeba,2,life_rulestring,16,0.5,600,2,"(0, 0)",851247.9505834496,814874.1810808599,36373.76950258975,0.088311767578125,1,868806.2900310024,17558.339447552804,stable_winner,1,1
Diamoeba,diamoeba,2,life_rulestring,16,0.5,800,2,"(0, 0)",1062532.2763600135,1024458.5132603776,38073.76309963589,0.0819000244140625,1,1086954.614061684,24422.33770167036,stable_winner,1,1
Diamoeba,diamoeba,2,life_rulestring,17,0.5,50,1,"(0, 0)",114140.34482947092,100810.06815769715,13330.276671773769,0.149404296875,2,116085.86396177988,1945.519132308953,stable_winner,1,1
Diamoeba,diamoeba,2,life_rulestring,17,0.5,100,1,"(0, 0)",241695.836694907,226444.15843857685,15251.678256330137,0.18086181640625,2,246780.7224926287,5084.885797721712,stable_winner,1,1
Diamoeba,diamoeba,2,life_rulestring,17,0.5,200,1,"(0, 0)",520828.7664278647,503619.37391954777,17209.39250831696,0.214261474609375,2,530038.8014551185,9210.035027253733,stable_winner,1,1
Diamoeba,diamoeba,2,life_rulestring,17,0.5,400,1,"(0, 0)",782151.9455845153,763115.0640346974,19036.881549817947,0.1284356689453125,2,793867.3447719218,11715.399187406409,stable_winner,1,1
Diamoeba,diamoeba,2,life_rulestring,17,0.5,600,1,"(0, 0)",919886.3670171208,899651.4822658258,20234.88475129487,0.085623779296875,2,932455.5930632168,12569.226046096184,stable_winner,1,1
Diamoeba,diamoeba,2,life_rulestring,17,0.5,800,1,"(0, 0)",1014425.6609609916,993340.7794111735,21084.881549817947,0.0642178344726562,2,1027888.891544802,13463.230583810364,stable_winner,1,1
Diamoeba,diamoeba,2,life_rulestring,18,0.5,50,1,"(0, 0)",113850.8612055682,100520.58453379443,13330.276671773769,0.1504248046875,2,117119.6481584607,3268.786952892493,stable_winner,1,1
Diamoeba,diamoeba,2,life_rulestring,18,0.5,100,1,"(0, 0)",215509.24945699485,200257.5712006647,15251.678256330137,0.15255126953125,2,221486.24063646243,5976.991179467586,stable_winner,1,1
Diamoeba,diamoeba,2,life_rulestring,18,0.5,200,1,"(0, 0)",487130.0803325633,469920.6878242464,17209.39250831696,0.197833251953125,2,497125.3598608104,9995.279528247076,stable_winner,1,1
Diamoeba,diamoeba,2,life_rulestring,18,0.5,400,1,"(0, 0)",745218.3837383873,726181.5021885693,19036.881549817947,0.1249395751953125,2,757571.2610325749,12352.877294187669,stable_winner,1,1
Diamoeba,diamoeba,2,life_rulestring,18,0.5,600,1,"(0, 0)",880184.2496345645,859949.3648832696,20234.88475129487,0.0832930501302083,2,893355.0288250267,13170.7791904622,stable_winner,1,1
Diamoeba,diamoeba,2,life_rulestring,18,0.5,800,1,"(0, 0)",972602.8536953852,951517.9721455672,21084.881549817947,0.0624697875976562,2,986651.2390217162,14048.3853263309,stable_winner,1,1
Diamoeba,diamoeba,2,life_rulestring,19,0.5,50,1,"(0, 0)",122605.80144910378,109275.52477733,13330.276671773769,0.1717626953125,2,126275.2340433639,3669.432594260128,stable_winner,1,1
Diamoeba,diamoeba,2,life_rulestring,19,0.5,100,1,"(0, 0)",238940.40468258123,223688.72642625112,15251.678256330137,0.17679931640625,2,245710.3970416106,6769.992359029333,stable_winner,1,1
Diamoeba,diamoeba,2,life_rulestring,19,0.5,200,1,"(0, 0)",405214.55405103415,388005.1615427172,17209.39250831696,0.14476806640625,2,414900.0988229178,9685.544771883637,stable_winner,1,1
Diamoeba,diamoeba,2,life_rulestring,19,0.5,400,1,"(0, 0)",549095.9457284883,530059.0641786703,19036.881549817947,0.075577392578125,2,561058.294709666,11962.348981177784,stable_winner,1,1
Diamoeba,diamoeba,2,life_rulestring,19,0.5,600,1,"(0, 0)",628073.8294574477,607838.9447061529,20234.88475129487,0.0503849283854166,2,640844.1232249946,12770.293767546886,stable_winner,1,1
Diamoeba,diamoeba,2,life_rulestring,19,0.5,800,1,"(0, 0)",682883.4185442235,661798.5369944056,21084.881549817947,0.0377886962890625,2,696527.6180826081,13644.199538384564,stable_winner,1,1
Diamoeba,diamoeba,2,life_rulestring,20,0.5,50,1,"(0, 0)",114269.14718463656,100938.8705128628,13330.276671773769,0.1492041015625,2,117247.22061354894,2978.0734289123648,stable_winner,1,1
Diamoeba,diamoeba,2,life_rulestring,20,0.5,100,1,"(0, 0)",230282.8538764167,215031.17562008655,15251.678256330137,0.16963134765625,2,235896.29240052623,5613.438524109573,stable_winner,1,1
Diamoeba,diamoeba,2,life_rulestring,20,0.5,200,1,"(0, 0)",432672.0627437561,415462.67023543915,17209.39250831696,0.167244873046875,2,441788.3781316529,9116.315387896786,stable_winner,1,1
Diamoeba,diamoeba,2,life_rulestring,20,0.5,400,1,"(0, 0)",600821.4848674769,581784.6033176589,19036.881549817947,0.0871893310546875,2,612323.5616792124,11502.076811735518,stable_winner,1,1
Diamoeba,diamoeba,2,life_rulestring,20,0.5,600,1,"(0, 0)",692439.6936814348,672204.80893014,20234.88475129487,0.058126220703125,2,704774.16391183,12334.470230395207,stable_winner,1,1
Diamoeba,diamoeba,2,life_rulestring,20,0.5,800,1,"(0, 0)",755865.9865857098,734781.1050358919,21084.881549817947,0.0435946655273437,2,769085.1893468474,13219.202761137509,stable_winner,1,1
Maze with Mice,maze_with_mice,2,life_rulestring,11,0.5,50,1,"(0, 0)",46702.82434478939,33372.54767301562,13330.276671773769,0.0374560546875,2,53430.34168067576,6727.5173358863685,stable_winner,1,1
Maze with Mice,maze_with_mice,2,life_rulestring,11,0.5,100,1,"(0, 0)",59839.80764840254,44588.1293920724,15251.678256330137,0.0239501953125,2,65803.77938933483,5963.971740932291,stable_winner,1,1
Maze with Mice,maze_with_mice,2,life_rulestring,11,0.5,200,1,"(0, 0)",78191.01597556556,60981.6234672486,17209.39250831696,0.017164306640625,2,80595.73499904943,2404.7190234838636,stable_winner,1,1
Maze with Mice,maze_with_mice,2,life_rulestring,11,0.5,400,2,"(0, 0)",100365.6506506666,65946.86563403267,34418.78501663392,0.0080401611328125,1,107023.38804743317,6657.737396766577,stable_winner,1,1
Maze with Mice,maze_with_mice,2,life_rulestring,11,0.5,600,2,"(0, 0)",115698.0317723595,79324.26226976977,36373.76950258975,0.0068330891927083,1,132850.80220600253,17152.770433643018,stable_winner,1,1
Maze with Mice,maze_with_mice,2,life_rulestring,11,0.5,800,2,"(0, 0)",129782.40285965582,91708.63976001993,38073.76309963589,0.00623291015625,4,157288.79811126716,27506.395251611335,stable_winner,1,1
Maze with Mice,maze_with_mice,2,life_rulestring,12,0.5,50,1,"(0, 0)",45733.808021091005,32403.53134931724,13330.276671773769,0.0365380859375,2,52305.1814241878,6571.373403096797,stable_winner,1,1
Maze with Mice,maze_with_mice,2,life_rulestring,12,0.5,100,1,"(0, 0)",58512.28407061884,43260.605814288705,15251.678256330137,0.023681640625,2,64056.44238060259,5544.158309983744,stable_winner,1,1
Maze with Mice,maze_with_mice,2,life_rulestring,12,0.5,200,1,"(0, 0)",76451.57907900946,59242.1865706925,17209.39250831696,0.01725830078125,2,77888.14707070132,1436.5679916918598,stable_winner,1,1
Maze with Mice,maze_with_mice,2,life_rulestring,12,0.5,400,2,"(0, 0)",95960.9878583555,61542.20284172158,34418.78501663392,0.0075701904296875,1,104680.9927960385,8720.004937683,stable_winner,1,1
Maze with Mice,maze_with_mice,2,life_rulestring,12,0.5,600,2,"(0, 0)",109693.76098999885,73319.9914874091,36373.76950258975,0.006427001953125,1,130012.94264358933,20319.181653590465,stable_winner,1,1
Maze with Mice,maze_with_mice,2,life_rulestring,12,0.5,800,2,"(0, 0)",122197.78485713818,84124.02175750228,38073.76309963589,0.0058544921875,4,144241.20684767273,22043.421990534553,stable_winner,1,1
Maze with Mice,maze_with_mice,2,life_rulestring,13,0.5,50,1,"(0, 0)",45884.47316487973,32554.196493105956,13330.276671773769,0.0365966796875,2,52661.22945960262,6776.756294722894,stable_winner,1,1
Maze with Mice,maze_with_mice,2,life_rulestring,13,0.5,100,1,"(0, 0)",58178.53807422858,42926.85981789844,15251.678256330137,0.02304443359375,2,64358.68877143234,6180.1506972037605,stable_winner,1,1
Maze with Mice,maze_with_mice,2,life_rulestring,13,0.5,200,1,"(0, 0)",74841.60807634669,57632.21556802973,17209.39250831696,0.016263427734375,2,77840.02088852813,2998.412812181443,stable_winner,1,1
Maze with Mice,maze_with_mice,2,life_rulestring,13,0.5,400,2,"(0, 0)",94981.12414351922,60562.3391268853,34418.78501663392,0.0071014404296875,1,100244.80187102032,5263.677727501097,stable_winner,1,1
Maze with Mice,maze_with_mice,2,life_rulestring,13,0.5,600,2,"(0, 0)",107691.2481560578,71317.47865346805,36373.76950258975,0.0059147135416666,1,122636.69521074288,14945.44705468508,stable_winner,1,1
Maze with Mice,maze_with_mice,2,life_rulestring,13,0.5,800,2,"(0, 0)",119139.501507191,81065.73840755511,38073.76309963589,0.0053207397460937,4,140887.1853240917,21747.683816900695,stable_winner,1,1
Maze with Mice,maze_with_mice,2,life_rulestring,14,0.5,50,1,"(0, 0)",37677.59036961341,24347.313697839643,13330.276671773769,0.0252734375,2,44844.180771822095,7166.590402208683,stable_winner,1,1
Maze with Mice,maze_with_mice,2,life_rulestring,14,0.5,100,1,"(0, 0)",46409.65488608077,31157.976629750632,15251.678256330137,0.01551025390625,2,53609.89747121703,7200.242585136264,stable_winner,1,1
Maze with Mice,maze_with_mice,2,life_rulestring,14,0.5,200,1,"(0, 0)",57718.54618083947,40509.15367252251,17209.39250831696,0.010631103515625,2,63111.483334245655,5392.937153406179,stable_winner,1,1
Maze with Mice,maze_with_mice,2,life_rulestring,14,0.5,400,2,"(0, 0)",74079.08723029241,39660.3022136585,34418.78501663392,0.0039617919921875,1,74080.78113123993,1.6939009475172495,near_tie,1,1
Maze with Mice,maze_with_mice,2,life_rulestring,14,0.5,600,2,"(0, 0)",81335.19171596409,44961.422213374346,36373.76950258975,0.0031148274739583,1,88106.15208061958,6770.96036465549,stable_winner,1,1
Maze with Mice,maze_with_mice,2,life_rulestring,14,0.5,800,2,"(0, 0)",87620.59149222147,49546.82839258558,38073.76309963589,0.0026898193359375,1,101083.95740299628,13463.36591077481,stable_winner,1,1
Maze with Mice,maze_with_mice,2,life_rulestring,15,0.5,50,1,"(0, 0)",44402.31128635791,31072.034614584143,13330.276671773769,0.0340673828125,2,51076.610118506986,6674.2988321490775,stable_winner,1,1
Maze with Mice,maze_with_mice,2,life_rulestring,15,0.5,100,1,"(0, 0)",56468.018470842406,41216.340214512275,15251.678256330137,0.021669921875,2,62443.30664481252,5975.2881739701115,stable_winner,1,1
Maze with Mice,maze_with_mice,2,life_rulestring,15,0.5,200,1,"(0, 0)",73196.75471652359,55987.36220820663,17209.39250831696,0.01544921875,2,75816.17013694158,2619.415420417994,stable_winner,1,1
Maze with Mice,maze_with_mice,2,life_rulestring,15,0.5,400,2,"(0, 0)",93291.30337520344,58872.518358569534,34418.78501663392,0.00711181640625,1,99280.22197237116,5988.918597167707,stable_winner,1,1
Maze with Mice,maze_with_mice,2,life_rulestring,15,0.5,600,2,"(0, 0)",106537.74329449682,70163.97379190708,36373.76950258975,0.0060209147135416,1,122529.57412021518,15991.830825718367,stable_winner,1,1
Maze with Mice,maze_with_mice,2,life_rulestring,15,0.5,800,2,"(0, 0)",118611.45322262368,80537.69012298778,38073.76309963589,0.0054754638671875,4,142743.48107202203,24132.02784939835,stable_winner,1,1
Maze with Mice,maze_with_mice,2,life_rulestring,16,0.5,50,1,"(0, 0)",43359.23887144768,30028.962199673915,13330.276671773769,0.034052734375,2,49488.18543166254,6128.946560214856,stable_winner,1,1
Maze with Mice,maze_with_mice,2,life_rulestring,16,0.5,100,1,"(0, 0)",55734.81040225767,40483.132145927535,15251.678256330137,0.0226904296875,2,60571.174529690834,4836.36412743316,stable_winner,1,1
Maze with Mice,maze_with_mice,2,life_rulestring,16,0.5,200,1,"(0, 0)",73455.45959479408,56246.06708647712,17209.39250831696,0.017005615234375,2,73694.29646137584,238.8368665817543,stable_winner,1,1
Maze with Mice,maze_with_mice,2,life_rulestring,16,0.5,400,2,"(0, 0)",90968.06515448334,56549.280137849426,34418.78501663392,0.0071820068359375,1,101842.23177694678,10874.16662246344,stable_winner,1,1
Maze with Mice,maze_with_mice,2,life_rulestring,16,0.5,600,2,"(0, 0)",104155.80079188256,67782.03128929282,36373.76950258975,0.0061572265625,4,125032.39795610384,20876.597164221283,stable_winner,1,1
Maze with Mice,maze_with_mice,2,life_rulestring,16,0.5,800,2,"(0, 0)",116220.42751661946,78146.66441698356,38073.76309963589,0.0056436157226562,4,136476.6905640122,20256.263047392757,stable_winner,1,1
Maze with Mice,maze_with_mice,2,life_rulestring,17,0.5,50,1,"(0, 0)",41876.0581694253,28545.78149765153,13330.276671773769,0.0316845703125,2,48182.06800001934,6306.009830594041,stable_winner,1,1
Maze with Mice,maze_with_mice,2,life_rulestring,17,0.5,100,1,"(0, 0)",53058.79726777662,37807.11901144649,15251.678256330137,0.02070556640625,2,58307.798845633355,5249.001577856732,stable_winner,1,1
Maze with Mice,maze_with_mice,2,life_rulestring,17,0.5,200,1,"(0, 0)",68690.46904918097,51481.07654086401,17209.39250831696,0.015218505859375,2,69849.86597569133,1159.3969265103517,stable_winner,1,1
Maze with Mice,maze_with_mice,2,life_rulestring,17,0.5,400,2,"(0, 0)",84241.6377342736,49822.85271763968,34418.78501663392,0.0054693603515625,1,93144.32773657591,8902.690002302319,stable_winner,1,1
Maze with Mice,maze_with_mice,2,life_rulestring,17,0.5,600,2,"(0, 0)",94657.9748564802,58284.20535389045,36373.76950258975,0.0044942220052083,1,115035.4270601798,20377.45220369961,stable_winner,1,1
Maze with Mice,maze_with_mice,2,life_rulestring,17,0.5,800,2,"(0, 0)",103998.87901066436,65925.11591102848,38073.76309963589,0.0040066528320312,4,132828.70716999058,28829.828159326207,stable_winner,1,1
Maze with Mice,maze_with_mice,2,life_rulestring,18,0.5,50,1,"(0, 0)",42430.70742031525,29100.43074854148,13330.276671773769,0.0327734375,2,49444.437992726685,7013.730572411441,stable_winner,1,1
Maze with Mice,maze_with_mice,2,life_rulestring,18,0.5,100,1,"(0, 0)",54027.12285164873,38775.4445953186,15251.678256330137,0.0209716796875,2,60765.29472225388,6738.171870605147,stable_winner,1,1
Maze with Mice,maze_with_mice,2,life_rulestring,18,0.5,200,1,"(0, 0)",70088.13778035168,52878.74527203472,17209.39250831696,0.015069580078125,2,74338.86855181993,4250.730771468254,stable_winner,1,1
Maze with Mice,maze_with_mice,2,life_rulestring,18,0.5,400,2,"(0, 0)",92495.075645653,58076.290629019095,34418.78501663392,0.007269287109375,1,95060.73678073652,2565.661135083501,stable_winner,1,1
Maze with Mice,maze_with_mice,2,life_rulestring,18,0.5,600,2,"(0, 0)",106554.143788501,70180.37428591127,36373.76950258975,0.0062345377604166,1,117332.1721718888,10778.028383387777,stable_winner,1,1
Maze with Mice,maze_with_mice,2,life_rulestring,18,0.5,800,2,"(0, 0)",119491.75207569508,81417.98897605919,38073.76309963589,0.0057174682617187,1,138410.62485536223,18918.872779667145,stable_winner,1,1
Maze with Mice,maze_with_mice,2,life_rulestring,19,0.5,50,1,"(0, 0)",41915.83566990367,28585.558998129894,13330.276671773769,0.0317529296875,2,48465.67741142202,6549.84174151835,stable_winner,1,1
Maze with Mice,maze_with_mice,2,life_rulestring,19,0.5,100,1,"(0, 0)",53039.29749709016,37787.619240760025,15251.678256330137,0.02024658203125,2,58854.65777175984,5815.360274669685,stable_winner,1,1
Maze with Mice,maze_with_mice,2,life_rulestring,19,0.5,200,1,"(0, 0)",68227.76359302287,51018.37108470591,17209.39250831696,0.014442138671875,2,70606.68038959101,2378.916796568141,stable_winner,1,1
Maze with Mice,maze_with_mice,2,life_rulestring,19,0.5,400,2,"(0, 0)",85156.81134631264,50738.02632967872,34418.78501663392,0.005750732421875,1,91533.63874250212,6376.827396189488,stable_winner,1,1
Maze with Mice,maze_with_mice,2,life_rulestring,19,0.5,600,2,"(0, 0)",95631.69049802088,59257.92099543114,36373.76950258975,0.0047342936197916,1,112170.15515844968,16538.4646604288,stable_winner,1,1
Maze with Mice,maze_with_mice,2,life_rulestring,19,0.5,800,2,"(0, 0)",104997.07437166182,66923.31127202592,38073.76309963589,0.0042276000976562,4,129368.47750206728,24371.403130405462,stable_winner,1,1
Maze with Mice,maze_with_mice,2,life_rulestring,20,0.5,50,1,"(0, 0)",45164.79598535247,31834.519313578705,13330.276671773769,0.034990234375,2,52035.28852470851,6870.492539356033,stable_winner,1,1
Maze with Mice,maze_with_mice,2,life_rulestring,20,0.5,100,1,"(0, 0)",56951.2967645512,41699.618508221065,15251.678256330137,0.02185546875,2,63429.55368840651,6478.2569238553115,stable_winner,1,1
Maze with Mice,maze_with_mice,2,life_rulestring,20,0.5,200,1,"(0, 0)",72774.28892505777,55564.89641674081,17209.39250831696,0.015269775390625,2,76464.2728855542,3689.983960496422,stable_winner,1,1
Maze with Mice,maze_with_mice,2,life_rulestring,20,0.5,400,2,"(0, 0)",92882.18781366204,58463.40279702813,34418.78501663392,0.0067034912109375,1,96687.9654578966,3805.777644234535,stable_winner,1,1
Maze with Mice,maze_with_mice,2,life_rulestring,20,0.5,600,2,"(0, 0)",104929.986614292,68556.21711170225,36373.76950258975,0.0055423990885416,1,117646.46445630146,12716.477842009466,stable_winner,1,1
Maze with Mice,maze_with_mice,2,life_rulestring,20,0.5,800,2,"(0, 0)",115744.97576609036,77671.21266645446,38073.76309963589,0.0049618530273437,1,137318.9346823162,21573.95891622585,stable_winner,1,1
S11/B37,s11_b37,2,life_range,11,0.5,50,2,"(0, 0)",54453.28407412736,31535.088839499593,22918.19523462777,0.0397412109375,4,66242.59863294958,11789.314558822218,stable_winner,1,1
S11/B37,s11_b37,2,life_range,11,0.5,100,2,"(0, 0)",71436.32217469203,44775.768831144494,26660.553343547537,0.0269189453125,4,84003.9027789023,12567.580604210263,stable_winner,1,1
S11/B37,s11_b37,2,life_range,11,0.5,200,2,"(0, 0)",92274.30625784532,61770.94974518503,30503.35651266027,0.01884521484375,4,102623.24092556447,10348.93466771918,stable_winner,1,1
S11/B37,s11_b37,2,life_range,11,0.5,400,2,"(0, 0)",122334.75330512437,87915.96828849043,34418.78501663392,0.0147119140625,4,124242.23116039364,1907.4778552693024,stable_winner,1,1
S11/B37,s11_b37,2,life_range,11,0.5,600,4,"(0, 0)",139452.37749155005,73879.62088312446,65572.75660842558,0.0061539713541666,2,147336.23751563815,7883.860024088091,stable_winner,1,1
S11/B37,s11_b37,2,life_range,11,0.5,800,4,"(0, 0)",152036.26819762908,83198.69816436122,68837.57003326784,0.00538818359375,2,170837.20464167572,18800.936444046645,stable_winner,1,1
S11/B37,s11_b37,2,life_range,12,0.5,50,2,"(0, 0)",51731.09568821296,28812.900453585193,22918.19523462777,0.035966796875,4,63366.17532256477,11635.079634351809,stable_winner,1,1
S11/B37,s11_b37,2,life_range,12,0.5,100,2,"(0, 0)",66217.6197914206,39557.06644787306,26660.553343547537,0.02352294921875,4,78256.74799200721,12039.128200586609,stable_winner,1,1
S11/B37,s11_b37,2,life_range,12,0.5,200,2,"(0, 0)",85091.55654121132,54588.20002855106,30503.35651266027,0.0170068359375,4,94330.2496927715,9238.693151560175,stable_winner,1,1
S11/B37,s11_b37,2,life_range,12,0.5,400,4,"(0, 0)",112837.23285963302,51830.51983431249,61006.71302532054,0.0060565185546875,2,113046.65486475483,209.42200512181444,stable_winner,1,1
S11/B37,s11_b37,2,life_range,12,0.5,600,4,"(0, 0)",125669.6774143838,60096.92080595823,65572.75660842558,0.004837646484375,2,136611.0411043619,10941.363689978098,stable_winner,1,1
S11/B37,s11_b37,2,life_range,12,0.5,800,4,"(0, 0)",136168.2242352342,67330.65420196638,68837.57003326784,0.0042266845703125,2,158945.73845401092,22777.51421877672,stable_winner,1,1
S11/B37,s11_b37,2,life_range,13,0.5,50,2,"(0, 0)",50026.48589968846,27108.29066506069,22918.19523462777,0.03314453125,4,61348.56986083045,11322.083961141994,stable_winner,1,1
S11/B37,s11_b37,2,life_range,13,0.5,100,2,"(0, 0)",63282.21443026261,36621.661086715074,26660.553343547537,0.02156982421875,4,74752.64656462212,11470.432134359507,stable_winner,1,1
S11/B37,s11_b37,2,life_range,13,0.5,200,2,"(0, 0)",80737.62454669623,50234.268034035966,30503.35651266027,0.015750732421875,4,88980.02435369595,8242.399806999718,stable_winner,1,1
S11/B37,s11_b37,2,life_range,13,0.5,400,4,"(0, 0)",104699.63452294451,43692.921497623975,61006.71302532054,0.00448974609375,2,106697.59817202332,1997.963649078796,stable_winner,1,1
S11/B37,s11_b37,2,life_range,13,0.5,600,4,"(0, 0)",115082.89605223318,49510.1394438076,65572.75660842558,0.0034261067708333,2,128590.43614443496,13507.540092201789,stable_winner,1,1
S11/B37,s11_b37,2,life_range,13,0.5,800,4,"(0, 0)",123272.30974354676,54434.739710278925,68837.57003326784,0.0028958129882812,2,149378.9114243642,26106.60168081743,stable_winner,1,1
S11/B37,s11_b37,2,life_range,14,0.5,50,2,"(0, 0)",48887.24111515887,25969.0458805311,22918.19523462777,0.0326220703125,4,60452.86260735472,11565.621492195853,stable_winner,1,1
S11/B37,s11_b37,2,life_range,14,0.5,100,2,"(0, 0)",62499.58673839776,35839.03339485022,26660.553343547537,0.0217626953125,4,74270.83416421176,11771.247425814,stable_winner,1,1
S11/B37,s11_b37,2,life_range,14,0.5,200,2,"(0, 0)",80298.16478667644,49794.80827401617,30503.35651266027,0.0159326171875,4,88896.62313392371,8598.458347247273,stable_winner,1,1
S11/B37,s11_b37,2,life_range,14,0.5,400,4,"(0, 0)",105159.85341407184,44153.140388751315,61006.71302532054,0.004884033203125,2,106760.30940593332,1600.455991861454,stable_winner,1,1
S11/B37,s11_b37,2,life_range,14,0.5,600,4,"(0, 0)",116006.41464652786,50433.65803810228,65572.75660842558,0.0038016764322916,2,129100.90479030146,13094.490143773595,stable_winner,1,1
S11/B37,s11_b37,2,life_range,14,0.5,800,4,"(0, 0)",124624.46440647356,55786.89437320573,68837.57003326784,0.0032608032226562,2,150313.9393496273,25689.474943153735,stable_winner,1,1
S11/B37,s11_b37,2,life_range,15,0.5,50,2,"(0, 0)",51421.309710782254,28503.11447615449,22918.19523462777,0.0347802734375,4,63795.337525932104,12374.02781514985,stable_winner,1,1
S11/B37,s11_b37,2,life_range,15,0.5,100,2,"(0, 0)",65287.20463305905,38626.65128951152,26660.553343547537,0.0215966796875,4,79187.73657423379,13900.531941174731,stable_winner,1,1
S11/B37,s11_b37,2,life_range,15,0.5,200,2,"(0, 0)",81132.33373115383,50628.97721849356,30503.35651266027,0.0138134765625,4,94538.18344827984,13405.849717125997,stable_winner,1,1
S11/B37,s11_b37,2,life_range,15,0.5,400,2,"(0, 0)",101608.82635648506,67190.04133985114,34418.78501663392,0.009796142578125,4,110237.71214635992,8628.885789874854,stable_winner,1,1
S11/B37,s11_b37,2,life_range,15,0.5,600,2,"(0, 0)",117172.0546868558,80798.28518426605,36373.76950258975,0.0084566243489583,4,119757.82215702496,2585.767470169172,stable_winner,1,1
S11/B37,s11_b37,2,life_range,15,0.5,800,4,"(0, 0)",126746.7540873991,57909.184054131256,68837.57003326784,0.002552490234375,2,131293.29257577856,4546.538488379461,stable_winner,1,1
S11/B37,s11_b37,2,life_range,16,0.5,50,2,"(0, 0)",51093.56412248013,28175.36888785236,22918.19523462777,0.0353955078125,4,62846.44912582244,11752.885003342308,stable_winner,1,1
S11/B37,s11_b37,2,life_range,16,0.5,100,2,"(0, 0)",65077.14205759046,38416.588714042926,26660.553343547537,0.022646484375,4,77585.30154751963,12508.159489929169,stable_winner,1,1
S11/B37,s11_b37,2,life_range,16,0.5,200,2,"(0, 0)",83174.0720919802,52670.71557931992,30503.35651266027,0.0161474609375,4,93651.43725400504,10477.365162024857,stable_winner,1,1
S11/B37,s11_b37,2,life_range,16,0.5,400,2,"(0, 0)",109747.03409199796,75328.24907536403,34418.78501663392,0.0128863525390625,4,112355.42169354497,2608.3876015470014,stable_winner,1,1
S11/B37,s11_b37,2,life_range,16,0.5,600,4,"(0, 0)",125469.68411733888,59896.927508913286,65572.75660842558,0.004698486328125,2,132001.0958420884,6531.411724749531,stable_winner,1,1
S11/B37,s11_b37,2,life_range,16,0.5,800,4,"(0, 0)",136276.2427613965,67438.67272812867,68837.57003326784,0.0041143798828125,2,153038.29518329515,16762.05242189864,stable_winner,1,1
S11/B37,s11_b37,2,life_range,17,0.5,50,2,"(0, 0)",50631.95961032444,27713.76437569667,22918.19523462777,0.035205078125,4,62742.24601455485,12110.286404230406,stable_winner,1,1
S11/B37,s11_b37,2,life_range,17,0.5,100,2,"(0, 0)",64413.890475734224,37753.33713218669,26660.553343547537,0.0222216796875,4,77437.3313422647,13023.44086653048,stable_winner,1,1
S11/B37,s11_b37,2,life_range,17,0.5,200,2,"(0, 0)",81667.88280984233,51164.52629718206,30503.35651266027,0.01533935546875,4,92978.91029307804,11311.027483235725,stable_winner,1,1
S11/B37,s11_b37,2,life_range,17,0.5,400,2,"(0, 0)",106223.75758309086,71804.97256645694,34418.78501663392,0.011905517578125,4,110312.30299369588,4088.545410605031,stable_winner,1,1
S11/B37,s11_b37,2,life_range,17,0.5,600,4,"(0, 0)",121922.6048198308,56349.84821140522,65572.75660842558,0.004124755859375,2,126320.79539582928,4398.19057599848,stable_winner,1,1
S11/B37,s11_b37,2,life_range,17,0.5,800,4,"(0, 0)",131179.21946531543,62341.64943204758,68837.57003326784,0.0035043334960937,2,145155.3831207227,13976.16365540726,stable_winner,1,1
S11/B37,s11_b37,2,life_range,18,0.5,50,2,"(0, 0)",47165.06347238056,24246.868237752795,22918.19523462777,0.0298193359375,4,59047.72778394682,11882.66431156626,stable_winner,1,1
S11/B37,s11_b37,2,life_range,18,0.5,100,2,"(0, 0)",59426.463308925275,32765.90996537774,26660.553343547537,0.0194189453125,4,71991.6045296988,12565.141220773528,stable_winner,1,1
S11/B37,s11_b37,2,life_range,18,0.5,200,2,"(0, 0)",75484.6756311032,44981.31911844293,30503.35651266027,0.01419677734375,4,85970.29753307861,10485.62190197542,stable_winner,1,1
S11/B37,s11_b37,2,life_range,18,0.5,400,2,"(0, 0)",99218.60848134234,64799.82346470842,34418.78501663392,0.01157958984375,4,101810.494661085,2591.8861797426653,stable_winner,1,1
S11/B37,s11_b37,2,life_range,18,0.5,600,4,"(0, 0)",112572.46785383717,46999.711245411585,65572.75660842558,0.0036372884114583,2,119118.01216735682,6545.544313519655,stable_winner,1,1
S11/B37,s11_b37,2,life_range,18,0.5,800,4,"(0, 0)",121235.66755400773,52398.09752073987,68837.57003326784,0.0031683349609375,2,137998.3440522971,16762.67649828938,stable_winner,1,1
S11/B37,s11_b37,2,life_range,19,0.5,50,2,"(0, 0)",50609.0573973889,27690.862162761132,22918.19523462777,0.0333642578125,4,62499.286811623584,11890.229414234687,stable_winner,1,1
S11/B37,s11_b37,2,life_range,19,0.5,100,2,"(0, 0)",64322.44507120078,37661.891727653245,26660.553343547537,0.02197021484375,4,76780.47109097838,12458.026019777592,stable_winner,1,1
S11/B37,s11_b37,2,life_range,19,0.5,200,2,"(0, 0)",82049.14044120538,51545.78392854512,30503.35651266027,0.0158642578125,4,91907.5872558774,9858.446814672032,stable_winner,1,1
S11/B37,s11_b37,2,life_range,19,0.5,400,2,"(0, 0)",108106.19098227136,73687.40596563743,34418.78501663392,0.0127935791015625,4,108780.03613954704,673.845157275704,stable_winner,1,1
S11/B37,s11_b37,2,life_range,19,0.5,600,4,"(0, 0)",120079.92545936824,54507.16885094265,65572.75660842558,0.0038810221354166,2,129937.5222862568,9857.596826888564,stable_winner,1,1
S11/B37,s11_b37,2,life_range,19,0.5,800,4,"(0, 0)",129082.56300264354,60244.9929693757,68837.57003326784,0.003297119140625,2,150593.07822357566,21510.515220932124,stable_winner,1,1
S11/B37,s11_b37,2,life_range,20,0.5,50,2,"(0, 0)",55551.69684540185,32633.50161077408,22918.19523462777,0.0430322265625,4,67306.01797357066,11754.321128168813,stable_winner,1,1
S11/B37,s11_b37,2,life_range,20,0.5,100,2,"(0, 0)",71566.06169401603,44905.50835046849,26660.553343547537,0.026962890625,4,83639.96883959466,12073.907145578632,stable_winner,1,1
S11/B37,s11_b37,2,life_range,20,0.5,200,2,"(0, 0)",91596.37708843817,61093.02057577788,30503.35651266027,0.018575439453125,4,100669.02151569944,9072.6444272613,stable_winner,1,1
S11/B37,s11_b37,2,life_range,20,0.5,400,4,"(0, 0)",119346.12360559386,58339.41058027333,61006.71302532054,0.0063177490234375,2,120195.0160255445,848.8924199506291,stable_winner,1,1
S11/B37,s11_b37,2,life_range,20,0.5,600,4,"(0, 0)",131650.7451814782,66077.98857305264,65572.75660842558,0.0047884114583333,2,143742.96075188502,12092.215570406814,stable_winner,1,1
S11/B37,s11_b37,2,life_range,20,0.5,800,4,"(0, 0)",141339.64364516054,72502.0736118927,68837.57003326784,0.0040231323242187,2,165788.25457270784,24448.6109275473,stable_winner,1,1
S24/B11,s24_b11,2,life_range,11,0.5,50,1,"(0, 0)",48002.54611467957,34672.2694429058,13330.276671773769,0.0380126953125,2,55160.88097912879,7158.334864449222,stable_winner,1,1
S24/B11,s24_b11,2,life_range,11,0.5,100,1,"(0, 0)",60588.43119213096,45336.75293580082,15251.678256330137,0.02402099609375,2,67843.22224633463,7254.79105420367,stable_winner,1,1
S24/B11,s24_b11,2,life_range,11,0.5,200,1,"(0, 0)",77818.5442146963,60609.151706379336,17209.39250831696,0.01703125,2,83326.65403022795,5508.109815531643,stable_winner,1,1
S24/B11,s24_b11,2,life_range,11,0.5,400,1,"(0, 0)",104296.51223275108,85259.63068293314,19036.881549817947,0.013533935546875,2,104458.20084736645,161.68861461535562,stable_winner,1,1
S24/B11,s24_b11,2,life_range,11,0.5,600,2,"(0, 0)",121150.142662671,84776.37316008125,36373.76950258975,0.0079252115885416,1,127727.97652280734,6577.83386013635,stable_winner,1,1
S24/B11,s24_b11,2,life_range,11,0.5,800,2,"(0, 0)",136574.64066553971,98500.87756590384,38073.76309963589,0.00732421875,1,149828.1906219422,13253.54995640248,stable_winner,1,1
S24/B11,s24_b11,2,life_range,12,0.5,50,1,"(0, 0)",45640.42196449457,32310.1452927208,13330.276671773769,0.037724609375,2,51791.627571094454,6151.205606599884,stable_winner,1,1
S24/B11,s24_b11,2,life_range,12,0.5,100,1,"(0, 0)",58951.116222837765,43699.43796650763,15251.678256330137,0.02576171875,2,63975.00438026959,5023.888157431822,stable_winner,1,1
S24/B11,s24_b11,2,life_range,12,0.5,200,1,"(0, 0)",78503.32100010349,61293.92849178652,17209.39250831696,0.019764404296875,2,79325.38034300931,822.0593429058208,stable_winner,1,1
S24/B11,s24_b11,2,life_range,12,0.5,400,2,"(0, 0)",101045.7855279245,66627.00051129058,34418.78501663392,0.0094451904296875,1,110485.73396609514,9439.948438170642,stable_winner,1,1
S24/B11,s24_b11,2,life_range,12,0.5,600,2,"(0, 0)",118659.4192023541,82285.64969976434,36373.76950258975,0.0084037272135416,4,133950.90572828654,15291.486525932443,stable_winner,1,1
S24/B11,s24_b11,2,life_range,12,0.5,800,2,"(0, 0)",135155.19182593765,97081.42872630176,38073.76309963589,0.0078854370117187,4,147934.0341201035,12778.842294165835,stable_winner,1,1
S24/B11,s24_b11,2,life_range,13,0.5,50,1,"(0, 0)",46807.71182633429,33477.435154560524,13330.276671773769,0.0378173828125,2,53625.91641371688,6818.204587382585,stable_winner,1,1
S24/B11,s24_b11,2,life_range,13,0.5,100,1,"(0, 0)",59580.32433441038,44328.64607808024,15251.678256330137,0.0244189453125,2,66027.76000149467,6447.435667084283,stable_winner,1,1
S24/B11,s24_b11,2,life_range,13,0.5,200,1,"(0, 0)",77406.0546906443,60196.662182327345,17209.39250831696,0.01770751953125,2,81157.46615963647,3751.41146899217,stable_winner,1,1
S24/B11,s24_b11,2,life_range,13,0.5,400,2,"(0, 0)",101806.46796866672,67387.6829520328,34418.78501663392,0.0088629150390625,1,105309.54066262054,3503.0726939538145,stable_winner,1,1
S24/B11,s24_b11,2,life_range,13,0.5,600,2,"(0, 0)",118103.16303324667,81729.39353065693,36373.76950258975,0.0077034505208333,1,130263.32704493467,12160.164011688,stable_winner,1,1
S24/B11,s24_b11,2,life_range,13,0.5,800,2,"(0, 0)",133168.6882687044,95094.9251690685,38073.76309963589,0.007122802734375,4,149108.90086705415,15940.212598349754,stable_winner,1,1
S24/B11,s24_b11,2,life_range,14,0.5,50,1,"(0, 0)",44872.17855197427,31541.901880200505,13330.276671773769,0.0358203125,2,51492.21042680285,6620.031874828579,stable_winner,1,1
S24/B11,s24_b11,2,life_range,14,0.5,100,1,"(0, 0)",57318.10457698682,42066.42632065668,15251.678256330137,0.0237060546875,2,63288.6120390256,5970.507462038775,stable_winner,1,1
S24/B11,s24_b11,2,life_range,14,0.5,200,1,"(0, 0)",75088.79821252887,57879.40570421191,17209.39250831696,0.01764404296875,2,77776.99561881446,2688.197406285588,stable_winner,1,1
S24/B11,s24_b11,2,life_range,14,0.5,400,2,"(0, 0)",97696.09043730349,63277.305420669545,34418.78501663392,0.0082861328125,1,103456.59279878832,5760.5023614848615,stable_winner,1,1
S24/B11,s24_b11,2,life_range,14,0.5,600,2,"(0, 0)",113482.2511665897,77108.48166399996,36373.76950258975,0.007230224609375,1,129102.26770218895,15620.01653559925,stable_winner,1,1
S24/B11,s24_b11,2,life_range,14,0.5,800,2,"(0, 0)",128129.01626469646,90055.25316506057,38073.76309963589,0.00670166015625,4,148284.25123156476,20155.234966868305,stable_winner,1,1
S24/B11,s24_b11,2,life_range,15,0.5,50,1,"(0, 0)",46162.49080141602,32832.21412964225,13330.276671773769,0.03880859375,2,52053.69843648303,5891.20763506701,stable_winner,1,1
S24/B11,s24_b11,2,life_range,15,0.5,100,1,"(0, 0)",59587.83243062954,44336.1541742994,15251.678256330137,0.026201171875,2,63920.7027546874,4332.870324057862,stable_winner,1,1
S24/B11,s24_b11,2,life_range,15,0.5,200,2,"(0, 0)",78246.93419631114,47743.577683650874,30503.35651266027,0.01146484375,1,79020.61648680785,773.6822904967121,stable_winner,1,1
S24/B11,s24_b11,2,life_range,15,0.5,400,2,"(0, 0)",97546.55599486853,63127.77097823459,34418.78501663392,0.00814208984375,1,110429.831212899,12883.27521803048,stable_winner,1,1
S24/B11,s24_b11,2,life_range,15,0.5,600,2,"(0, 0)",112598.12494064966,76224.35543805991,36373.76950258975,0.0070340983072916,4,134059.33551105033,21461.210570400668,stable_winner,1,1
S24/B11,s24_b11,2,life_range,15,0.5,800,2,"(0, 0)",126462.29199668576,88388.52889704988,38073.76309963589,0.0064794921875,4,147501.08424087754,21038.79224419176,stable_winner,1,1
S24/B11,s24_b11,2,life_range,16,0.5,50,1,"(0, 0)",49099.74523883003,35769.46856705626,13330.276671773769,0.0412255859375,2,55786.94466860774,6687.199429777713,stable_winner,1,1
S24/B11,s24_b11,2,life_range,16,0.5,100,1,"(0, 0)",62714.98953461672,47463.31127828658,15251.678256330137,0.02630859375,2,68965.23484374564,6250.245309128921,stable_winner,1,1
S24/B11,s24_b11,2,life_range,16,0.5,200,1,"(0, 0)",81508.06498323474,64298.67247491778,17209.39250831696,0.0188232421875,2,84941.52371798607,3433.4587347513298,stable_winner,1,1
S24/B11,s24_b11,2,life_range,16,0.5,400,2,"(0, 0)",106633.6215246678,72214.83650803388,34418.78501663392,0.00930419921875,1,110691.36056278576,4057.739038117943,stable_winner,1,1
S24/B11,s24_b11,2,life_range,16,0.5,600,2,"(0, 0)",123719.10116583647,87345.33166324673,36373.76950258975,0.0080159505208333,1,136664.4583742798,12945.35720844334,stable_winner,1,1
S24/B11,s24_b11,2,life_range,16,0.5,800,2,"(0, 0)",139465.5136984076,101391.7505987717,38073.76309963589,0.0073703002929687,4,159071.99594993255,19606.48225152495,stable_winner,1,1
S24/B11,s24_b11,2,life_range,17,0.5,50,1,"(0, 0)",46769.925615962034,33439.648944188266,13330.276671773769,0.0387841796875,2,52476.58139022859,5706.655774266554,stable_winner,1,1
S24/B11,s24_b11,2,life_range,17,0.5,100,1,"(0, 0)",59822.42018106334,44570.74192473321,15251.678256330137,0.02577880859375,2,63603.83913860866,3781.41895754532,stable_winner,1,1
S24/B11,s24_b11,2,life_range,17,0.5,200,2,"(0, 0)",76135.46843816653,45632.11192550626,30503.35651266027,0.0099072265625,1,78311.20178195159,2175.733343785061,stable_winner,1,1
S24/B11,s24_b11,2,life_range,17,0.5,400,2,"(0, 0)",91523.23117377768,57104.44615714377,34418.78501663392,0.0063970947265625,1,107624.9073441584,16101.676170380711,stable_winner,1,1
S24/B11,s24_b11,2,life_range,17,0.5,600,2,"(0, 0)",102537.62975862902,66163.86025603926,36373.76950258975,0.0052278645833333,4,123271.13888433484,20733.509125705823,stable_winner,1,1
S24/B11,s24_b11,2,life_range,17,0.5,800,2,"(0, 0)",112315.5242014637,74241.76110182781,38073.76309963589,0.0046435546875,4,132429.27616236347,20113.751960899768,stable_winner,1,1
S24/B11,s24_b11,2,life_range,18,0.5,50,1,"(0, 0)",44579.631292615675,31249.35462084191,13330.276671773769,0.0361328125,2,50611.94440261467,6032.313109998991,stable_winner,1,1
S24/B11,s24_b11,2,life_range,18,0.5,100,1,"(0, 0)",57385.77637606014,42134.09811973,15251.678256330137,0.024619140625,2,62121.067822222234,4735.291446162097,stable_winner,1,1
S24/B11,s24_b11,2,life_range,18,0.5,200,1,"(0, 0)",76123.14945883561,58913.756950518655,17209.39250831696,0.018863525390625,2,76302.22073714531,179.07127830969694,stable_winner,1,1
S24/B11,s24_b11,2,life_range,18,0.5,400,2,"(0, 0)",95836.26258966612,61417.477573032214,34418.78501663392,0.0081964111328125,1,106641.6443979408,10805.381808274671,stable_winner,1,1
S24/B11,s24_b11,2,life_range,18,0.5,600,2,"(0, 0)",111348.20712903794,74974.4376264482,36373.76950258975,0.0071891276041666,4,132122.52404719137,20774.316918153432,stable_winner,1,1
S24/B11,s24_b11,2,life_range,18,0.5,800,2,"(0, 0)",125751.96554807088,87678.20244843498,38073.76309963589,0.0066839599609375,4,145903.95487198484,20151.989323913964,stable_winner,1,1
S24/B11,s24_b11,2,life_range,19,0.5,50,1,"(0, 0)",46378.78767222345,33048.51100044968,13330.276671773769,0.0383154296875,2,53023.35817139107,6644.5704991676175,stable_winner,1,1
S24/B11,s24_b11,2,life_range,19,0.5,100,1,"(0, 0)",59626.90331994103,44375.225063610895,15251.678256330137,0.025361328125,2,65551.8210722136,5924.917752272566,stable_winner,1,1
S24/B11,s24_b11,2,life_range,19,0.5,200,1,"(0, 0)",78564.6590623983,61355.266554081354,17209.39250831696,0.018880615234375,2,81034.64685518765,2469.987792789339,stable_winner,1,1
S24/B11,s24_b11,2,life_range,19,0.5,400,2,"(0, 0)",102483.5570527848,68064.77203615088,34418.78501663392,0.0093255615234375,1,108859.66502798206,6376.1079751972575,stable_winner,1,1
S24/B11,s24_b11,2,life_range,19,0.5,600,2,"(0, 0)",119632.43573639382,83258.66623380408,36373.76950258975,0.0081941731770833,4,135711.51125345685,16079.07551706303,stable_winner,1,1
S24/B11,s24_b11,2,life_range,19,0.5,800,2,"(0, 0)",135571.0166739545,97497.2535743186,38073.76309963589,0.0076278686523437,4,149351.46533022317,13780.44865626865,stable_winner,1,1
S24/B11,s24_b11,2,life_range,20,0.5,50,1,"(0, 0)",49669.052903952426,36338.77623217866,13330.276671773769,0.041689453125,2,56275.32043495346,6606.267531001031,stable_winner,1,1
S24/B11,s24_b11,2,life_range,20,0.5,100,1,"(0, 0)",63702.28481566229,48450.606559332155,15251.678256330137,0.02707763671875,2,69577.80949070991,5875.524675047622,stable_winner,1,1
S24/B11,s24_b11,2,life_range,20,0.5,200,1,"(0, 0)",83491.91875557014,66282.52624725318,17209.39250831696,0.0197802734375,2,85832.93535268097,2341.0165971108363,stable_winner,1,1
S24/B11,s24_b11,2,life_range,20,0.5,400,2,"(0, 0)",108099.56904336154,73680.78402672762,34418.78501663392,0.009527587890625,1,114778.80886594184,6679.23982258029,stable_winner,1,1
S24/B11,s24_b11,2,life_range,20,0.5,600,2,"(0, 0)",125759.89821910782,89386.12871651808,36373.76950258975,0.0082438151041666,1,142903.23685753703,17143.33863842921,stable_winner,1,1
S24/B11,s24_b11,2,life_range,20,0.5,800,2,"(0, 0)",142088.1335948608,104014.3704952249,38073.76309963589,0.0076016235351562,6,159785.68646174026,17697.552866879472,stable_winner,1,1
S37/B11,s37_b11,2,life_range,11,0.5,50,1,"(0, 0)",50999.691279282866,37669.4146075091,13330.276671773769,0.054658203125,2,58085.25425588545,7085.562976602581,stable_winner,1,1
S37/B11,s37_b11,2,life_range,11,0.5,100,1,"(0, 0)",71434.9719287857,56183.29367245556,15251.678256330137,0.03810791015625,2,76834.82337364196,5399.851444856264,stable_winner,1,1
S37/B11,s37_b11,2,life_range,11,0.5,200,2,"(0, 0)",100736.8368787801,70233.48036611982,30503.35651266027,0.02053955078125,1,101529.40972282972,792.5728440496314,stable_winner,1,1
S37/B11,s37_b11,2,life_range,11,0.5,400,2,"(0, 0)",135779.66798593427,101360.88296930036,34418.78501663392,0.0154388427734375,1,151572.94568930796,15793.277703373691,stable_winner,1,1
S37/B11,s37_b11,2,life_range,11,0.5,600,2,"(0, 0)",165274.2682446363,128900.49874204656,36373.76950258975,0.0137349446614583,4,185922.60432224273,20648.336077606426,stable_winner,1,1
S37/B11,s37_b11,2,life_range,11,0.5,800,2,"(0, 0)",193091.14453300895,155017.38143337306,38073.76309963589,0.0128851318359375,4,212647.76332631573,19556.618793306785,stable_winner,1,1
S37/B11,s37_b11,2,life_range,12,0.5,50,1,"(0, 0)",51584.238313041606,38253.96164126784,13330.276671773769,0.0560888671875,2,58884.13888017375,7299.900567132143,stable_winner,1,1
S37/B11,s37_b11,2,life_range,12,0.5,100,1,"(0, 0)",72975.58811362756,57723.909857297425,15251.678256330137,0.03984130859375,2,79038.49998168458,6062.911868057025,stable_winner,1,1
S37/B11,s37_b11,2,life_range,12,0.5,200,1,"(0, 0)",103765.9968379293,86556.60432961234,17209.39250831696,0.029947509765625,2,104146.54767490736,380.5508369780728,stable_winner,1,1
S37/B11,s37_b11,2,life_range,12,0.5,400,2,"(0, 0)",140183.03895584922,105764.2539392153,34418.78501663392,0.0162164306640625,1,154115.08137571448,13932.042419865262,stable_winner,1,1
S37/B11,s37_b11,2,life_range,12,0.5,600,2,"(0, 0)",170163.54451682037,133789.77501423063,36373.76950258975,0.0142919921875,4,190216.6904979032,20053.14598108284,stable_winner,1,1
S37/B11,s37_b11,2,life_range,12,0.5,800,2,"(0, 0)",198274.837817032,160201.0747173961,38073.76309963589,0.0133355712890625,4,216901.61977515923,18626.78195812722,stable_winner,1,1
S37/B11,s37_b11,2,life_range,13,0.5,50,1,"(0, 0)",51996.215295904665,38665.9386241309,13330.276671773769,0.056279296875,2,58641.89960310284,6645.684307198171,stable_winner,1,1
S37/B11,s37_b11,2,life_range,13,0.5,100,1,"(0, 0)",72057.06008147915,56805.381825149016,15251.678256330137,0.03827392578125,2,76751.78153611702,4694.721454637867,stable_winner,1,1
S37/B11,s37_b11,2,life_range,13,0.5,200,2,"(0, 0)",99332.77041194592,68829.41389928563,30503.35651266027,0.01991943359375,1,101117.49398462128,1784.7235726753715,stable_winner,1,1
S37/B11,s37_b11,2,life_range,13,0.5,400,2,"(0, 0)",131563.3473806189,97144.56236398498,34418.78501663392,0.0147247314453125,1,148745.7999474688,17182.452566849883,stable_winner,1,1
S37/B11,s37_b11,2,life_range,13,0.5,600,2,"(0, 0)",158163.58670414597,121789.81720155624,36373.76950258975,0.01299072265625,4,177477.12303814478,19313.53633399881,stable_winner,1,1
S37/B11,s37_b11,2,life_range,13,0.5,800,2,"(0, 0)",183042.28584419927,144968.52274456338,38073.76309963589,0.0121258544921875,4,200780.5010313022,17738.215187102935,stable_winner,1,1
S37/B11,s37_b11,2,life_range,14,0.5,50,1,"(0, 0)",51082.69474471718,37752.41807294341,13330.276671773769,0.056875,2,58095.37477949897,7012.680034781792,stable_winner,1,1
S37/B11,s37_b11,2,life_range,14,0.5,100,1,"(0, 0)",72034.25204896151,56782.57379263138,15251.678256330137,0.0395849609375,2,77295.37062581592,5261.118576854409,stable_winner,1,1
S37/B11,s37_b11,2,life_range,14,0.5,200,2,"(0, 0)",101946.4624349445,71443.10592228423,30503.35651266027,0.021328125,1,102864.28920621636,917.8267712718808,stable_winner,1,1
S37/B11,s37_b11,2,life_range,14,0.5,400,2,"(0, 0)",138356.47818208436,103937.69316545044,34418.78501663392,0.0161639404296875,1,154127.9840912711,15771.50590918673,stable_winner,1,1
S37/B11,s37_b11,2,life_range,14,0.5,600,2,"(0, 0)",169173.25236579686,132799.48286320711,36373.76950258975,0.0144405110677083,4,193238.32765435675,24065.075288559892,stable_winner,1,1
S37/B11,s37_b11,2,life_range,14,0.5,800,2,"(0, 0)",198273.7490417392,160199.98594210332,38073.76309963589,0.0135775756835937,4,222430.9991479598,24157.2501062206,stable_winner,1,1
S37/B11,s37_b11,2,life_range,15,0.5,50,1,"(0, 0)",58725.195808020944,45394.919136247176,13330.276671773769,0.0677099609375,2,65619.33515568508,6894.139347664139,stable_winner,1,1
S37/B11,s37_b11,2,life_range,15,0.5,100,1,"(0, 0)",84299.60105969665,69047.92280336651,15251.678256330137,0.0480615234375,2,88939.61505856102,4640.013998864364,stable_winner,1,1
S37/B11,s37_b11,2,life_range,15,0.5,200,2,"(0, 0)",117553.0908566672,87049.73434400692,30503.35651266027,0.0252880859375,1,120854.7198921844,3301.6290355172096,stable_winner,1,1
S37/B11,s37_b11,2,life_range,15,0.5,400,2,"(0, 0)",158226.18317280745,123807.39815617353,34418.78501663392,0.018287353515625,4,178899.1754703762,20672.99229756877,stable_winner,1,1
S37/B11,s37_b11,2,life_range,15,0.5,600,2,"(0, 0)",191917.08082944897,155543.31132685923,36373.76950258975,0.0159517415364583,4,212586.8214450078,20669.74061555884,stable_winner,1,1
S37/B11,s37_b11,2,life_range,15,0.5,800,2,"(0, 0)",223339.0423596769,185265.27926004105,38073.76309963589,0.0147845458984375,4,242911.7709146948,19572.72855501788,stable_winner,1,1
S37/B11,s37_b11,2,life_range,16,0.5,50,1,"(0, 0)",52622.19066263088,39291.91399085711,13330.276671773769,0.056533203125,2,59272.5382092434,6650.347546612524,stable_winner,1,1
S37/B11,s37_b11,2,life_range,16,0.5,100,1,"(0, 0)",74679.33230014813,59427.654043818,15251.678256330137,0.04160400390625,2,79288.99191341123,4609.659613263095,stable_winner,1,1
S37/B11,s37_b11,2,life_range,16,0.5,200,2,"(0, 0)",104575.21385862892,74071.85734596863,30503.35651266027,0.022073974609375,1,106878.08641542507,2302.872556796181,stable_winner,1,1
S37/B11,s37_b11,2,life_range,16,0.5,400,2,"(0, 0)",141042.49518308818,106623.71016645426,34418.78501663392,0.016468505859375,4,158596.42433787292,17553.92915478474,stable_winner,1,1
S37/B11,s37_b11,2,life_range,16,0.5,600,2,"(0, 0)",171510.95810879403,135137.1886062043,36373.76950258975,0.0146004231770833,4,187316.5556533833,15805.597544589256,stable_winner,1,1
S37/B11,s37_b11,2,life_range,16,0.5,800,2,"(0, 0)",200094.3623817805,162020.5992821446,38073.76309963589,0.0136630249023437,4,213065.22130406636,12970.858922285872,stable_winner,1,1
S37/B11,s37_b11,2,life_range,17,0.5,50,1,"(0, 0)",48538.644169493746,35208.36749771998,13330.276671773769,0.05203125,2,54843.56841354705,6304.924244053305,stable_winner,1,1
S37/B11,s37_b11,2,life_range,17,0.5,100,1,"(0, 0)",69005.50115190477,53753.82289557464,15251.678256330137,0.038701171875,2,72676.77531233591,3671.274160431145,stable_winner,1,1
S37/B11,s37_b11,2,life_range,17,0.5,200,2,"(0, 0)",95727.24413598204,65223.88762332176,30503.35651266027,0.0195458984375,1,100105.60101175494,4378.356875772908,stable_winner,1,1
S37/B11,s37_b11,2,life_range,17,0.5,400,2,"(0, 0)",129973.23057083409,95554.44555420017,34418.78501663392,0.015,4,152092.17872141392,22118.948150579832,stable_winner,1,1
S37/B11,s37_b11,2,life_range,17,0.5,600,2,"(0, 0)",159059.78926549508,122686.01976290531,36373.76950258975,0.013487548828125,6,177041.39403203578,17981.604766540695,stable_winner,1,1
S37/B11,s37_b11,2,life_range,17,0.5,800,2,"(0, 0)",186601.54713123068,148527.78403159478,38073.76309963589,0.0127310180664062,6,194914.0223322851,8312.475201054389,stable_winner,1,1
S37/B11,s37_b11,2,life_range,18,0.5,50,1,"(0, 0)",53629.38127843356,40299.10460665979,13330.276671773769,0.05935546875,2,59773.92058433948,6144.539305905921,stable_winner,1,1
S37/B11,s37_b11,2,life_range,18,0.5,100,1,"(0, 0)",76744.07712239845,61492.39886606831,15251.678256330137,0.0435791015625,2,80035.97952635433,3291.9024039558863,stable_winner,1,1
S37/B11,s37_b11,2,life_range,18,0.5,200,2,"(0, 0)",106617.1498715789,76113.79335891863,30503.35651266027,0.02326904296875,1,111921.13873847324,5303.988866894331,stable_winner,1,1
S37/B11,s37_b11,2,life_range,18,0.5,400,2,"(0, 0)",146820.14022976096,112401.35521312704,34418.78501663392,0.0181280517578125,4,165123.38664864982,18303.246418888855,stable_winner,1,1
S37/B11,s37_b11,2,life_range,18,0.5,600,2,"(0, 0)",181395.05701618065,145021.28751359088,36373.76950258975,0.0164042154947916,4,197914.9818174541,16519.924801273475,stable_winner,1,1
S37/B11,s37_b11,2,life_range,18,0.5,800,2,"(0, 0)",214271.0720355084,176197.3089358725,38073.76309963589,0.0155514526367187,4,227889.74411858976,13618.672083081356,stable_winner,1,1
S37/B11,s37_b11,2,life_range,19,0.5,50,1,"(0, 0)",55474.25921340038,42143.98254162661,13330.276671773769,0.0611279296875,2,61990.26927778152,6516.010064381138,stable_winner,1,1
S37/B11,s37_b11,2,life_range,19,0.5,100,1,"(0, 0)",77209.0735831339,61957.39532680376,15251.678256330137,0.04179443359375,2,81372.09637130795,4163.0227881740575,stable_winner,1,1
S37/B11,s37_b11,2,life_range,19,0.5,200,2,"(0, 0)",104650.3893028312,74147.03279017092,30503.35651266027,0.020523681640625,1,108051.9119486541,3401.522645822901,stable_winner,1,1
S37/B11,s37_b11,2,life_range,19,0.5,400,2,"(0, 0)",136636.42586902724,102217.64085239332,34418.78501663392,0.0144384765625,1,157886.276620555,21249.85075152776,stable_winner,1,1
S37/B11,s37_b11,2,life_range,19,0.5,600,2,"(0, 0)",162388.6560047841,126014.88650219436,36373.76950258975,0.0124112955729166,4,185774.3704062052,23385.71440142108,stable_winner,1,1
S37/B11,s37_b11,2,life_range,19,0.5,800,2,"(0, 0)",186185.5708107812,148111.80771114532,38073.76309963589,0.0113970947265625,4,209522.7868482902,23337.216037509,stable_winner,1,1
S37/B11,s37_b11,2,life_range,20,0.5,50,1,"(0, 0)",45182.4105299264,31852.13385815263,13330.276671773769,0.0470263671875,2,50900.335976249145,5717.925446322748,stable_winner,1,1
S37/B11,s37_b11,2,life_range,20,0.5,100,1,"(0, 0)",64629.27219999446,49377.59394366432,15251.678256330137,0.036171875,2,66995.57909883166,2366.306898837196,stable_winner,1,1
S37/B11,s37_b11,2,life_range,20,0.5,200,2,"(0, 0)",88880.77224041909,58377.41572775882,30503.35651266027,0.018162841796875,1,95899.6604897799,7018.888249360811,stable_winner,1,1
S37/B11,s37_b11,2,life_range,20,0.5,400,2,"(0, 0)",122726.4102555102,88307.62523887627,34418.78501663392,0.01467041015625,4,142663.33906837247,19936.928812862287,stable_winner,1,1
S37/B11,s37_b11,2,life_range,20,0.5,600,2,"(0, 0)",152173.25554367335,115799.4860410836,36373.76950258975,0.013504638671875,4,171589.49978937686,19416.244245703507,stable_winner,1,1
S37/B11,s37_b11,2,life_range,20,0.5,800,2,"(0, 0)",180380.926244096,142307.16314446012,38073.76309963589,0.0129229736328125,4,198190.1703825449,17809.24413844885,stable_winner,1,1
3d-life,3d_life,3,rule3d,11,0.2,10,1,"(0, 0, 0)",28965.479397247043,19870.734407687625,9094.744989559418,0.1460693359375,2,32340.634690132203,3375.1552928851597,stable_winner,1,1
3d-life,3d_life,3,rule3d,11,0.2,20,1,"(0, 0, 0)",50619.85348818608,39749.55299915772,10870.30048902836,0.13277587890625,2,55525.61108040504,4905.757592218957,stable_winner,1,1
3d-life,3d_life,3,rule3d,11,0.2,40,1,"(0, 0, 0)",80491.31098887384,67769.68953917347,12721.621449700366,0.099615478515625,2,87266.26210034583,6774.9511114719935,stable_winner,1,1
3d-life,3d_life,3,rule3d,11,0.2,60,1,"(0, 0, 0)",93140.78318663716,79309.33798894731,13831.445197689856,0.0681233723958333,2,101032.60212763325,7891.818940996061,stable_winner,1,1
3d-life,3d_life,3,rule3d,11,0.2,80,1,"(0, 0, 0)",101253.64897059044,86625.073590899,14628.575379691443,0.051092529296875,2,109934.60249144504,8680.953520854615,stable_winner,1,1
3d-life,3d_life,3,rule3d,12,0.2,10,1,"(0, 0, 0)",31625.760741930375,22531.015752370957,9094.744989559418,0.1700439453125,2,34739.6913914114,3113.9306494810226,stable_winner,1,1
3d-life,3d_life,3,rule3d,12,0.2,20,1,"(0, 0, 0)",56709.12331467173,45838.822825643365,10870.30048902836,0.1551513671875,2,61342.940943970185,4633.817629298457,stable_winner,1,1
3d-life,3d_life,3,rule3d,12,0.2,40,1,"(0, 0, 0)",94303.77112267504,81582.14967297469,12721.621449700366,0.1247802734375,2,100889.36964888382,6585.598526208763,stable_winner,1,1
3d-life,3d_life,3,rule3d,12,0.2,60,1,"(0, 0, 0)",116024.11654680932,102192.67134911944,13831.445197689856,0.0950358072916666,2,123758.15082351482,7734.034276705512,stable_winner,1,1
3d-life,3d_life,3,rule3d,12,0.2,80,1,"(0, 0, 0)",127667.28911405773,113038.71373436628,14628.575379691443,0.071990966796875,2,136209.27500345398,8541.985889396252,stable_winner,1,1
3d-life,3d_life,3,rule3d,13,0.2,10,1,"(0, 0, 0)",31401.455884104897,22306.71089454548,9094.744989559418,0.167333984375,2,34429.86708031941,3028.4111962145143,stable_winner,1,1
3d-life,3d_life,3,rule3d,13,0.2,20,1,"(0, 0, 0)",56350.163711643625,45479.86322261526,10870.30048902836,0.1552734375,2,61049.24504331232,4699.081331668691,stable_winner,1,1
3d-life,3d_life,3,rule3d,13,0.2,40,1,"(0, 0, 0)",93453.75037809122,80732.12892839086,12721.621449700366,0.1220947265625,2,100067.77074081234,6614.020362721116,stable_winner,1,1
3d-life,3d_life,3,rule3d,13,0.2,60,1,"(0, 0, 0)",114780.59040658352,100949.14520889366,13831.445197689856,0.0927490234375,2,122541.14523643334,7760.554829849818,stable_winner,1,1
3d-life,3d_life,3,rule3d,13,0.2,80,1,"(0, 0, 0)",126697.41382156918,112068.83844187774,14628.575379691443,0.070648193359375,2,135272.1105144566,8574.696692887432,stable_winner,1,1
3d-life,3d_life,3,rule3d,14,0.2,10,1,"(0, 0, 0)",31140.98638412531,22046.241394565892,9094.744989559418,0.1652587890625,2,34275.13161260913,3134.1452284838233,stable_winner,1,1
3d-life,3d_life,3,rule3d,14,0.2,20,1,"(0, 0, 0)",57051.624973006954,46181.32448397859,10870.30048902836,0.15738525390625,2,61771.45856830331,4719.833595296353,stable_winner,1,1
3d-life,3d_life,3,rule3d,14,0.2,40,1,"(0, 0, 0)",93826.93382012533,81105.31237042494,12721.621449700366,0.123419189453125,2,100522.98530614829,6696.05148602296,stable_winner,1,1
3d-life,3d_life,3,rule3d,14,0.2,60,1,"(0, 0, 0)",113361.4244180988,99529.97922040896,13831.445197689856,0.0907267252604166,2,121195.30320978088,7833.878791682088,stable_winner,1,1
3d-life,3d_life,3,rule3d,14,0.2,80,1,"(0, 0, 0)",126511.76910407768,111883.19372438623,14628.575379691443,0.07081298828125,2,135160.33673428596,8648.567630208272,stable_winner,1,1
3d-life,3d_life,3,rule3d,15,0.2,10,1,"(0, 0, 0)",31674.88064956513,22580.135660005708,9094.744989559418,0.168994140625,2,34601.16610155878,2926.285451993655,stable_winner,1,1
3d-life,3d_life,3,rule3d,15,0.2,20,1,"(0, 0, 0)",56930.67837336665,46060.37788433829,10870.30048902836,0.15634765625,2,61547.07396783041,4616.395594463756,stable_winner,1,1
3d-life,3d_life,3,rule3d,15,0.2,40,1,"(0, 0, 0)",94146.15336040626,81424.53191070589,12721.621449700366,0.124932861328125,2,100781.10375606938,6634.950395663123,stable_winner,1,1
3d-life,3d_life,3,rule3d,15,0.2,60,1,"(0, 0, 0)",117988.83705270756,104157.39185501772,13831.445197689856,0.09769287109375,2,125816.5132541846,7827.676201477021,stable_winner,1,1
3d-life,3d_life,3,rule3d,15,0.2,80,1,"(0, 0, 0)",130890.15957243688,116261.58419274545,14628.575379691443,0.0748870849609375,2,139519.52929459748,8629.369722160598,stable_winner,1,1
3d-life,3d_life,3,rule3d,16,0.2,10,1,"(0, 0, 0)",30866.00517082717,21771.260181267753,9094.744989559418,0.1625732421875,2,33986.47421398037,3120.4690431532,stable_winner,1,1
3d-life,3d_life,3,rule3d,16,0.2,20,1,"(0, 0, 0)",52304.023926991125,41433.72343796276,10870.30048902836,0.13660888671875,2,57028.43791632927,4724.413989338143,stable_winner,1,1
3d-life,3d_life,3,rule3d,16,0.2,40,1,"(0, 0, 0)",82095.78870267486,69374.1672529745,12721.621449700366,0.100128173828125,2,88678.50798887812,6582.719286203253,stable_winner,1,1
3d-life,3d_life,3,rule3d,16,0.2,60,1,"(0, 0, 0)",99449.53029755306,85618.08509986321,13831.445197689856,0.0751790364583333,2,107186.13184417073,7736.601546617647,stable_winner,1,1
3d-life,3d_life,3,rule3d,16,0.2,80,1,"(0, 0, 0)",109378.44682189118,94749.87144219974,14628.575379691443,0.0574676513671875,2,117900.79213552014,8522.34531362896,stable_winner,1,1
3d-life,3d_life,3,rule3d,17,0.2,10,1,"(0, 0, 0)",32182.934531362487,23088.18954180307,9094.744989559418,0.175,2,35230.5123719944,3047.577840631915,stable_winner,1,1
3d-life,3d_life,3,rule3d,17,0.2,20,1,"(0, 0, 0)",58822.27015209241,47951.96966306405,10870.30048902836,0.164501953125,2,63528.952948933,4706.682796840592,stable_winner,1,1
3d-life,3d_life,3,rule3d,17,0.2,40,1,"(0, 0, 0)",101511.16260404357,88789.5411543432,12721.621449700366,0.13787841796875,2,108110.3822389114,6599.219634867826,stable_winner,1,1
3d-life,3d_life,3,rule3d,17,0.2,60,1,"(0, 0, 0)",126922.98239233604,113091.5371946462,13831.445197689856,0.10714111328125,2,134682.21296901564,7759.230576679591,stable_winner,1,1
3d-life,3d_life,3,rule3d,17,0.2,80,1,"(0, 0, 0)",139674.3963871748,125045.82100748338,14628.575379691443,0.0806671142578125,2,148247.79220276405,8573.395815589232,stable_winner,1,1
3d-life,3d_life,3,rule3d,18,0.2,10,1,"(0, 0, 0)",30958.870806946863,21864.125817387445,9094.744989559418,0.164404296875,2,34100.73759666451,3141.866789717649,stable_winner,1,1
3d-life,3d_life,3,rule3d,18,0.2,20,1,"(0, 0, 0)",54204.9941453341,43334.69365630574,10870.30048902836,0.1462646484375,2,58892.02095204368,4687.026806709582,stable_winner,1,1
3d-life,3d_life,3,rule3d,18,0.2,40,1,"(0, 0, 0)",85725.19730099836,73003.575851298,12721.621449700366,0.107501220703125,2,92420.96822872137,6695.770927722988,stable_winner,1,1
3d-life,3d_life,3,rule3d,18,0.2,60,1,"(0, 0, 0)",99013.7583102029,85182.31311251305,13831.445197689856,0.0734212239583333,2,106827.3617440986,7813.603433895696,stable_winner,1,1
3d-life,3d_life,3,rule3d,18,0.2,80,1,"(0, 0, 0)",107704.19389066569,93075.61851097424,14628.575379691443,0.05506591796875,2,116308.62818977368,8604.43429910799,stable_winner,1,1
3d-life,3d_life,3,rule3d,19,0.2,10,1,"(0, 0, 0)",31777.7012357465,22682.95624618708,9094.744989559418,0.1709228515625,2,34874.36750444432,3096.6662686978234,stable_winner,1,1
3d-life,3d_life,3,rule3d,19,0.2,20,1,"(0, 0, 0)",55353.98036467796,44483.6798756496,10870.30048902836,0.1487548828125,2,60085.194617553425,4731.214252875463,stable_winner,1,1
3d-life,3d_life,3,rule3d,19,0.2,40,1,"(0, 0, 0)",89468.9569454932,76747.33549579284,12721.621449700366,0.114459228515625,2,96103.4120021716,6634.455056678387,stable_winner,1,1
3d-life,3d_life,3,rule3d,19,0.2,60,1,"(0, 0, 0)",108714.75600228552,94883.31080459568,13831.445197689856,0.0851725260416666,2,116447.90791898248,7733.151916696937,stable_winner,1,1
3d-life,3d_life,3,rule3d,19,0.2,80,1,"(0, 0, 0)",118871.54201867216,104242.96663898072,14628.575379691443,0.064044189453125,2,127404.90184356354,8533.359824891377,stable_winner,1,1
3d-life,3d_life,3,rule3d,20,0.2,10,1,"(0, 0, 0)",30233.360527663124,21138.615538103702,9094.744989559418,0.156298828125,2,33420.102177472334,3186.74164980921,stable_winner,1,1
3d-life,3d_life,3,rule3d,20,0.2,20,1,"(0, 0, 0)",51380.58128942115,40510.28080039279,10870.30048902836,0.133837890625,2,56259.15905459829,4878.577765177135,stable_winner,1,1
3d-life,3d_life,3,rule3d,20,0.2,40,1,"(0, 0, 0)",79175.54680995288,66453.92536025251,12721.621449700366,0.095562744140625,2,85905.46642364869,6729.919613695805,stable_winner,1,1
3d-life,3d_life,3,rule3d,20,0.2,60,1,"(0, 0, 0)",90408.33423038844,76576.88903269859,13831.445197689856,0.0644205729166666,2,98251.24240019968,7842.908169811228,stable_winner,1,1
3d-life,3d_life,3,rule3d,20,0.2,80,1,"(0, 0, 0)",98118.03259317114,83489.4572134797,14628.575379691443,0.04835205078125,2,106748.17137095836,8630.13877778723,stable_winner,1,1
clouds,clouds,3,rule3d,11,0.6,10,1,"(0, 0, 0)",14202.883915043749,5108.138925484329,9094.744989559418,0.034423828125,2,19270.66965832633,5067.785743282582,stable_winner,1,1
clouds,clouds,3,rule3d,11,0.6,20,1,"(0, 0, 0)",17618.957700077903,6748.65721104954,10870.30048902836,0.017919921875,2,24299.16220796452,6680.204507886618,stable_winner,1,1
clouds,clouds,3,rule3d,11,0.6,40,1,"(0, 0, 0)",21013.54594147264,8291.924491772274,12721.621449700366,0.0089599609375,2,29409.85860748565,8396.312666013011,stable_winner,1,1
clouds,clouds,3,rule3d,11,0.6,60,1,"(0, 0, 0)",23005.999202050338,9174.55400436048,13831.445197689856,0.0059733072916666,2,32447.914797924852,9441.915595874518,stable_winner,1,1
clouds,clouds,3,rule3d,11,0.6,80,1,"(0, 0, 0)",24424.1575550611,9795.582175369656,14628.575379691443,0.00447998046875,2,34623.7435467922,10199.585991731095,stable_winner,1,1
clouds,clouds,3,rule3d,12,0.6,10,1,"(0, 0, 0)",19352.69768622768,10257.95269666826,9094.744989559418,0.079638671875,2,24032.39968902353,4679.70200279585,stable_winner,1,1
clouds,clouds,3,rule3d,12,0.6,20,1,"(0, 0, 0)",36531.64173729212,25661.34124826376,10870.30048902836,0.09908447265625,2,42735.53299877705,6203.891261484932,stable_winner,1,1
clouds,clouds,3,rule3d,12,0.6,40,1,"(0, 0, 0)",110598.3737901606,97876.75234046024,12721.621449700366,0.1963623046875,2,118577.88403953653,7979.510249375919,stable_winner,1,1
clouds,clouds,3,rule3d,12,0.6,60,1,"(0, 0, 0)",176538.59213575395,162707.14693806408,13831.445197689856,0.2575276692708333,2,185688.77839806132,9150.186262307368,stable_winner,1,1
clouds,clouds,3,rule3d,12,0.6,80,1,"(0, 0, 0)",215565.79645570423,200937.2210760128,14628.575379691443,0.217083740234375,2,225495.73751776584,9929.941062061582,stable_winner,1,1
clouds,clouds,3,rule3d,13,0.6,10,1,"(0, 0, 0)",17613.873749603754,8519.128760044336,9094.744989559418,0.0636474609375,2,22459.620996104713,4845.74724650096,stable_winner,1,1
clouds,clouds,3,rule3d,13,0.6,20,1,"(0, 0, 0)",29531.24280303319,18660.942314004835,10870.30048902836,0.06881103515625,2,35979.66928016179,6448.426477128596,stable_winner,1,1
clouds,clouds,3,rule3d,13,0.6,40,1,"(0, 0, 0)",71883.95797675462,59162.336527054256,12721.621449700366,0.114239501953125,2,79953.79226914437,8069.834292389744,stable_winner,1,1
clouds,clouds,3,rule3d,13,0.6,60,1,"(0, 0, 0)",162391.2722736746,148559.82707598474,13831.445197689856,0.205419921875,2,171576.53231744646,9185.26004377185,stable_winner,1,1
clouds,clouds,3,rule3d,13,0.6,80,1,"(0, 0, 0)",246710.47203017483,232081.8966504834,14628.575379691443,0.272601318359375,2,256778.1503476854,10067.67831751058,stable_winner,1,1
clouds,clouds,3,rule3d,14,0.6,10,1,"(0, 0, 0)",18538.63091506403,9443.885925504612,9094.744989559418,0.0712646484375,2,23208.85144200408,4670.220526940051,stable_winner,1,1
clouds,clouds,3,rule3d,14,0.6,20,1,"(0, 0, 0)",33380.35882187371,22510.05833284535,10870.30048902836,0.086865234375,2,39714.16061820557,6333.801796331856,stable_winner,1,1
clouds,clouds,3,rule3d,14,0.6,40,1,"(0, 0, 0)",60820.81512049939,48099.193670799024,12721.621449700366,0.091900634765625,2,68945.19228873955,8124.377168240157,stable_winner,1,1
clouds,clouds,3,rule3d,14,0.6,60,1,"(0, 0, 0)",91782.68958191133,77951.24438422146,13831.445197689856,0.10091552734375,2,101021.93218015358,9239.242598242272,stable_winner,1,1
clouds,clouds,3,rule3d,14,0.6,80,1,"(0, 0, 0)",121508.9021494318,106880.32676974036,14628.575379691443,0.108929443359375,2,131603.13392638008,10094.23177694829,stable_winner,1,1
clouds,clouds,3,rule3d,15,0.6,10,1,"(0, 0, 0)",17806.661689878252,8711.916700318834,9094.744989559418,0.065625,2,22555.35710372616,4748.695413847909,stable_winner,1,1
clouds,clouds,3,rule3d,15,0.6,20,1,"(0, 0, 0)",25586.096131792736,14715.795642764377,10870.30048902836,0.05274658203125,2,32078.53116525084,6492.435033458103,stable_winner,1,1
clouds,clouds,3,rule3d,15,0.6,40,1,"(0, 0, 0)",32911.62288972207,20190.001440021704,12721.621449700366,0.028753662109375,2,41142.58427525128,8230.961385529212,stable_winner,1,1
clouds,clouds,3,rule3d,15,0.6,60,1,"(0, 0, 0)",36994.95538035994,23163.51018267008,13831.445197689856,0.0191691080729166,2,46276.83698891825,9281.88160855831,stable_winner,1,1
clouds,clouds,3,rule3d,15,0.6,80,1,"(0, 0, 0)",39851.1952763459,25222.619896654454,14628.575379691443,0.0143768310546875,2,49893.16845784485,10041.97318149895,stable_winner,1,1
clouds,clouds,3,rule3d,16,0.6,10,1,"(0, 0, 0)",18506.90072586521,9412.155736305793,9094.744989559418,0.0712158203125,2,23191.16847299622,4684.267747131013,stable_winner,1,1
clouds,clouds,3,rule3d,16,0.6,20,1,"(0, 0, 0)",30784.47926111864,19914.17877209028,10870.30048902836,0.07373046875,2,37135.75097536742,6351.2717142487745,stable_winner,1,1
clouds,clouds,3,rule3d,16,0.6,40,1,"(0, 0, 0)",62271.332242607554,49549.710792907186,12721.621449700366,0.094805908203125,2,70376.77892445253,8105.44668184498,stable_winner,1,1
clouds,clouds,3,rule3d,16,0.6,60,1,"(0, 0, 0)",116399.12381030591,102567.67861261606,13831.445197689856,0.1352579752604166,2,125567.09745602266,9167.973645716746,stable_winner,1,1
clouds,clouds,3,rule3d,16,0.6,80,1,"(0, 0, 0)",187020.7965819452,172392.22120225374,14628.575379691443,0.1768035888671875,2,196956.4431760802,9935.646594135033,stable_winner,1,1
clouds,clouds,3,rule3d,17,0.6,10,1,"(0, 0, 0)",16925.691860966963,7830.946871407546,9094.744989559418,0.059619140625,2,21826.06031548507,4900.368454518106,stable_winner,1,1
clouds,clouds,3,rule3d,17,0.6,20,1,"(0, 0, 0)",24257.12844004324,13386.82795101488,10870.30048902836,0.047412109375,2,30878.119834277175,6620.9913942339335,stable_winner,1,1
clouds,clouds,3,rule3d,17,0.6,40,1,"(0, 0, 0)",34842.79462223427,22121.173172533905,12721.621449700366,0.039215087890625,2,43253.695012002776,8410.900389768503,stable_winner,1,1
clouds,clouds,3,rule3d,17,0.6,60,1,"(0, 0, 0)",40595.09898052793,26763.653782838075,13831.445197689856,0.02747802734375,2,50058.65605051207,9463.55706998414,stable_winner,1,1
clouds,clouds,3,rule3d,17,0.6,80,1,"(0, 0, 0)",44505.32331751691,29876.747937825465,14628.575379691443,0.0206085205078125,2,54729.25302231824,10223.929704801332,stable_winner,1,1
clouds,clouds,3,rule3d,18,0.6,10,1,"(0, 0, 0)",18756.465797999663,9661.720808440248,9094.744989559418,0.07353515625,2,23477.97598941757,4721.5101914178995,stable_winner,1,1
clouds,clouds,3,rule3d,18,0.6,20,1,"(0, 0, 0)",30419.43421645966,19549.1337274313,10870.30048902836,0.07159423828125,2,36788.754724273735,6369.3205078140745,stable_winner,1,1
clouds,clouds,3,rule3d,18,0.6,40,1,"(0, 0, 0)",58601.83306997436,45880.21162027399,12721.621449700366,0.08587646484375,2,66737.53348774102,8135.70041776666,stable_winner,1,1
clouds,clouds,3,rule3d,18,0.6,60,1,"(0, 0, 0)",113044.06195095922,99212.61675326937,13831.445197689856,0.1238932291666666,2,122122.30272028112,9078.2407693219,stable_winner,1,1
clouds,clouds,3,rule3d,18,0.6,80,1,"(0, 0, 0)",218368.5339232417,203739.95854355025,14628.575379691443,0.209613037109375,2,228370.44732516105,10001.913401919388,stable_winner,1,1
clouds,clouds,3,rule3d,19,0.6,10,1,"(0, 0, 0)",14387.00086218661,5292.255872627192,9094.744989559418,0.0361083984375,2,19409.583896929056,5022.583034742445,stable_winner,1,1
clouds,clouds,3,rule3d,19,0.6,20,1,"(0, 0, 0)",18562.918234868423,7692.617745840065,10870.30048902836,0.0234130859375,2,25214.27834585704,6651.360110988615,stable_winner,1,1
clouds,clouds,3,rule3d,19,0.6,40,1,"(0, 0, 0)",22761.830366884715,10040.208917184347,12721.621449700366,0.012744140625,2,31092.792807105332,8330.962440220617,stable_winner,1,1
clouds,clouds,3,rule3d,19,0.6,60,1,"(0, 0, 0)",25183.427440863565,11351.982243173708,13831.445197689856,0.0085774739583333,2,34520.56751592891,9337.140075065345,stable_winner,1,1
clouds,clouds,3,rule3d,19,0.6,80,1,"(0, 0, 0)",26905.752848799155,12277.177469107712,14628.575379691443,0.006494140625,2,36960.79923375952,10055.046384960366,stable_winner,1,1
clouds,clouds,3,rule3d,20,0.6,10,1,"(0, 0, 0)",14386.333541085927,5291.588551526509,9094.744989559418,0.0378662109375,2,19451.552488491172,5065.218947405245,stable_winner,1,1
clouds,clouds,3,rule3d,20,0.6,20,1,"(0, 0, 0)",19231.617262852516,8361.316773824154,10870.30048902836,0.02724609375,2,25938.11161425466,6706.494351402143,stable_winner,1,1
clouds,clouds,3,rule3d,20,0.6,40,1,"(0, 0, 0)",25172.329912576148,12450.708462875784,12721.621449700366,0.01923828125,2,33631.547364702725,8459.217452126577,stable_winner,1,1
clouds,clouds,3,rule3d,20,0.6,60,1,"(0, 0, 0)",28366.501771379993,14535.056573690135,13831.445197689856,0.0129231770833333,2,37874.457619980145,9507.955848600152,stable_winner,1,1
clouds,clouds,3,rule3d,20,0.6,80,1,"(0, 0, 0)",30585.91006602483,15957.334686333385,14628.575379691443,0.0096923828125,2,40852.7900400262,10266.879974001373,stable_winner,1,1
crystal,crystal,3,rule3d,11,0.1,10,2,"(-2, 2, -2)",35248.133670050374,20407.216220496503,14840.917449553868,0.17412109375,1,35628.28519007395,380.15152002357354,stable_winner,1,1
crystal,crystal,3,rule3d,11,0.1,20,2,"(0, 0, 0)",65611.6542077726,47422.16422865376,18189.489979118836,0.198583984375,1,67947.76295915351,2336.1087513809034,stable_winner,1,1
crystal,crystal,3,rule3d,11,0.1,40,2,"(0, 0, 0)",124073.88331133506,102333.28233327832,21740.60097805672,0.206890869140625,1,130906.824172755,6832.940861419949,stable_winner,1,1
crystal,crystal,3,rule3d,11,0.1,60,2,"(0, 0, 0)",181339.6712807135,157448.7386395628,23890.932641150695,0.208447265625,4,191321.46341059645,9981.79212988296,stable_winner,1,1
crystal,crystal,3,rule3d,11,0.1,80,2,"(0, 0, 0)",237730.1651215173,212286.92222211655,25443.24289940073,0.2093994140625,4,248874.0986064358,11143.933484918523,stable_winner,1,1
crystal,crystal,3,rule3d,12,0.1,10,2,"(-1, 2, 2)",36079.152592056846,21238.235142502977,14840.917449553868,0.181884765625,1,36674.76504036851,595.6124483116655,stable_winner,1,1
crystal,crystal,3,rule3d,12,0.1,20,2,"(1, 1, -1)",66571.49737252414,48382.0073934053,18189.489979118836,0.20089111328125,1,69170.65062613376,2599.15325360962,stable_winner,1,1
crystal,crystal,3,rule3d,12,0.1,40,2,"(1, 0, 1)",124055.0754336321,102314.47445557536,21740.60097805672,0.20804443359375,1,131718.24520645422,7663.169772822119,stable_winner,1,1
crystal,crystal,3,rule3d,12,0.1,60,2,"(0, 0, 0)",181198.15835941787,157307.22571826715,23890.932641150695,0.2106852213541666,4,190630.5824743171,9432.424114899244,stable_winner,1,1
crystal,crystal,3,rule3d,12,0.1,80,2,"(0, 0, 0)",237155.58032347955,211712.33742407884,25443.24289940073,0.21082763671875,4,248141.80385133548,10986.22352785591,stable_winner,1,1
crystal,crystal,3,rule3d,13,0.1,10,2,"(-1, 2, -2)",35958.7774862097,21117.860036655835,14840.917449553868,0.1805908203125,1,36761.47268535939,802.6951991496899,stable_winner,1,1
crystal,crystal,3,rule3d,13,0.1,20,2,"(0, 0, 0)",66133.29041425712,47943.80043513829,18189.489979118836,0.2042236328125,1,68836.8409367553,2703.5505224981753,stable_winner,1,1
crystal,crystal,3,rule3d,13,0.1,40,2,"(0, 0, 0)",124867.74677610962,103127.1457980529,21740.60097805672,0.210198974609375,1,132093.5350724072,7225.788296297571,stable_winner,1,1
crystal,crystal,3,rule3d,13,0.1,60,2,"(0, 0, 0)",182223.3831557105,158332.4505145598,23890.932641150695,0.21104736328125,4,192219.4773001588,9996.094144448318,stable_winner,1,1
crystal,crystal,3,rule3d,13,0.1,80,2,"(0, 0, 0)",238739.920971553,213296.67807215225,25443.24289940073,0.2115966796875,4,250201.0075565151,11461.086584962148,stable_winner,1,1
crystal,crystal,3,rule3d,14,0.1,10,2,"(0, 0, 0)",36568.72846014201,21727.811010588142,14840.917449553868,0.1865234375,1,37046.909408193394,478.1809480513839,stable_winner,1,1
crystal,crystal,3,rule3d,14,0.1,20,2,"(0, 0, 0)",67083.52069876055,48894.03071964171,18189.489979118836,0.2053466796875,1,69265.57763477707,2182.056936016525,stable_winner,1,1
crystal,crystal,3,rule3d,14,0.1,40,2,"(0, 0, 0)",126344.14530861596,104603.54433055923,21740.60097805672,0.210589599609375,1,132031.65331443667,5687.5080058207095,stable_winner,1,1
crystal,crystal,3,rule3d,14,0.1,60,2,"(0, 0, 0)",183493.75664590325,159602.82400475256,23890.932641150695,0.21109619140625,4,193324.75050410684,9830.993858203585,stable_winner,1,1
crystal,crystal,3,rule3d,14,0.1,80,2,"(0, 0, 0)",240824.1263417167,215380.883442316,25443.24289940073,0.212176513671875,4,252149.19466604936,11325.06832433265,stable_winner,1,1
crystal,crystal,3,rule3d,15,0.1,10,2,"(-2, -2, 2)",34817.06623167063,19976.14878211676,14840.917449553868,0.170166015625,1,35517.78510163735,700.718869966724,stable_winner,1,1
crystal,crystal,3,rule3d,15,0.1,20,2,"(0, 0, 0)",65672.53880180656,47483.04882268772,18189.489979118836,0.1972412109375,1,67985.43950139444,2312.900699587888,stable_winner,1,1
crystal,crystal,3,rule3d,15,0.1,40,2,"(0, 0, 0)",124833.31772711944,103092.7167490627,21740.60097805672,0.20677490234375,1,131011.40898011862,6178.091252999191,stable_winner,1,1
crystal,crystal,3,rule3d,15,0.1,60,2,"(0, 0, 0)",182247.93910036143,158357.00645921077,23890.932641150695,0.2086100260416666,4,192087.3121523928,9839.373052031326,stable_winner,1,1
crystal,crystal,3,rule3d,15,0.1,80,2,"(0, 0, 0)",239444.13475616497,214000.8918567642,25443.24289940073,0.2096466064453125,4,250882.4098831903,11438.27512702535,stable_winner,1,1
crystal,crystal,3,rule3d,16,0.1,10,2,"(2, 2, 2)",35864.54974281712,21023.632293263257,14840.917449553868,0.1798095703125,1,36200.83470074677,336.2849579296453,stable_winner,1,1
crystal,crystal,3,rule3d,16,0.1,20,2,"(0, 0, 0)",66218.49481918194,48029.004840063106,18189.489979118836,0.20335693359375,1,68889.66931065971,2671.1744914777664,stable_winner,1,1
crystal,crystal,3,rule3d,16,0.1,40,2,"(0, 0, 0)",124397.80041767564,102657.19943961893,21740.60097805672,0.2085205078125,1,131553.45593138813,7155.655513712496,stable_winner,1,1
crystal,crystal,3,rule3d,16,0.1,60,2,"(0, 0, 0)",181689.52509707483,157798.59245592414,23890.932641150695,0.2098225911458333,4,191685.1099233502,9995.584826275355,stable_winner,1,1
crystal,crystal,3,rule3d,16,0.1,80,2,"(0, 0, 0)",239037.4376756374,213594.19477623663,25443.24289940073,0.210089111328125,4,250495.42556133735,11457.987885699986,stable_winner,1,1
crystal,crystal,3,rule3d,17,0.1,10,2,"(2, -2, -2)",34861.37563582356,20020.458186269698,14840.917449553868,0.1703857421875,1,35470.550974395905,609.1753385723423,stable_winner,1,1
crystal,crystal,3,rule3d,17,0.1,20,2,"(0, 0, 0)",65057.02087812021,46867.53089900137,18189.489979118836,0.19588623046875,1,67646.34043543186,2589.3195573116536,stable_winner,1,1
crystal,crystal,3,rule3d,17,0.1,40,2,"(0, 0, 0)",122946.34553622264,101205.74455816593,21740.60097805672,0.20594482421875,4,130315.465981856,7369.120445633336,stable_winner,1,1
crystal,crystal,3,rule3d,17,0.1,60,2,"(0, 0, 0)",181112.52534144596,157221.59270029527,23890.932641150695,0.2085205078125,4,190408.71535648376,9296.190015037806,stable_winner,1,1
crystal,crystal,3,rule3d,17,0.1,80,2,"(0, 0, 0)",237683.13014450224,212239.8872451015,25443.24289940073,0.2095916748046875,4,248525.5274483389,10842.397303836651,stable_winner,1,1
crystal,crystal,3,rule3d,18,0.1,10,2,"(2, 1, -2)",35237.065212281814,20396.147762727946,14840.917449553868,0.1744140625,1,35885.7042693544,648.6390570725853,stable_winner,1,1
crystal,crystal,3,rule3d,18,0.1,20,2,"(-2, -1, -2)",65649.29334281698,47459.80336369814,18189.489979118836,0.196484375,1,68386.13117787104,2736.837835054059,stable_winner,1,1
crystal,crystal,3,rule3d,18,0.1,40,2,"(0, 0, 0)",123211.55874606596,101470.95776800923,21740.60097805672,0.206903076171875,1,130969.39421898396,7757.835472918014,stable_winner,1,1
crystal,crystal,3,rule3d,18,0.1,60,2,"(0, 0, 0)",179662.2294021074,155771.2967609567,23890.932641150695,0.2094156901041666,4,189072.0113254668,9409.781923359436,stable_winner,1,1
crystal,crystal,3,rule3d,18,0.1,80,2,"(0, 0, 0)",237381.06573160828,211937.82283220752,25443.24289940073,0.210565185546875,4,248476.95419750665,11095.888465898344,stable_winner,1,1
crystal,crystal,3,rule3d,19,0.1,10,2,"(-2, 2, -2)",36155.69736644157,21314.779916887695,14840.917449553868,0.1822265625,1,36644.34834619304,488.6509797514736,stable_winner,1,1
crystal,crystal,3,rule3d,19,0.1,20,2,"(0, 0, 0)",66628.4637564031,48438.97377728426,18189.489979118836,0.20286865234375,1,68761.47375883488,2133.01000243178,stable_winner,1,1
crystal,crystal,3,rule3d,19,0.1,40,2,"(0, 0, 0)",124410.09159474113,102669.4906166844,21740.60097805672,0.20853271484375,1,131447.16356847662,7037.071973735496,stable_winner,1,1
crystal,crystal,3,rule3d,19,0.1,60,2,"(0, 0, 0)",181548.63765161563,157657.70501046494,23890.932641150695,0.2103434244791666,4,191120.6209338136,9571.983282197963,stable_winner,1,1
crystal,crystal,3,rule3d,19,0.1,80,2,"(0, 0, 0)",238739.2490408279,213296.0061414272,25443.24289940073,0.2108123779296875,4,249903.63570036704,11164.3866595391,stable_winner,1,1
crystal,crystal,3,rule3d,20,0.1,10,2,"(2, 2, 2)",35863.532308971655,21022.614859417787,14840.917449553868,0.178955078125,1,36484.29395309242,620.7616441207647,stable_winner,1,1
crystal,crystal,3,rule3d,20,0.1,20,2,"(0, 0, 0)",66341.60349193867,48152.11351281984,18189.489979118836,0.2031982421875,1,68935.78066352417,2594.1771715854993,stable_winner,1,1
crystal,crystal,3,rule3d,20,0.1,40,2,"(0, 0, 0)",124314.97571505512,102574.3747369984,21740.60097805672,0.20799560546875,1,131316.8392070057,7001.863491950557,stable_winner,1,1
crystal,crystal,3,rule3d,20,0.1,60,2,"(0, 0, 0)",182304.64815907952,158413.71551792882,23890.932641150695,0.2099609375,4,192164.92893430343,9860.280775223946,stable_winner,1,1
crystal,crystal,3,rule3d,20,0.1,80,2,"(0, 0, 0)",239300.52275369945,213857.2798542987,25443.24289940073,0.2097625732421875,4,250776.90211121112,11476.379357511702,stable_winner,1,1
diamoeba3d,diamoeba3d,3,rule3d,11,0.5,10,1,"(0, -1, 0)",26800.88144720697,17706.136457647553,9094.744989559418,0.1193603515625,2,29652.484210702572,2851.602763495601,stable_winner,1,1
diamoeba3d,diamoeba3d,3,rule3d,11,0.5,20,1,"(0, 0, -1)",68988.36302658991,58118.06253756155,10870.30048902836,0.21357421875,2,72367.70921634434,3379.346189754433,stable_winner,1,1
diamoeba3d,diamoeba3d,3,rule3d,11,0.5,40,1,"(0, 2, 1)",146324.39611206416,133602.7746623638,12721.621449700366,0.264569091796875,2,151820.13387260685,5495.737760542688,stable_winner,1,1
diamoeba3d,diamoeba3d,3,rule3d,11,0.5,60,1,"(-1, 2, -2)",221595.23596515245,207763.79076746255,13831.445197689856,0.2813761393229166,2,228036.113681231,6440.877716078539,stable_winner,1,1
diamoeba3d,diamoeba3d,3,rule3d,11,0.5,80,1,"(0, 2, -2)",296422.2969365446,281793.72155685315,14628.575379691443,0.2901458740234375,2,303713.68925870635,7291.392322161759,stable_winner,1,1
diamoeba3d,diamoeba3d,3,rule3d,12,0.5,10,1,"(0, 0, 1)",32774.17098290616,23679.42599334674,9094.744989559418,0.1744140625,2,35407.0859304321,2632.91494752594,stable_winner,1,1
diamoeba3d,diamoeba3d,3,rule3d,12,0.5,20,1,"(0, 1, 0)",73472.01439606637,62601.71390703801,10870.30048902836,0.2438720703125,2,77194.47021791086,3722.455821844487,stable_winner,1,1
diamoeba3d,diamoeba3d,3,rule3d,12,0.5,40,1,"(2, 1, 2)",149648.18186526964,136926.56041556929,12721.621449700366,0.27896728515625,2,155216.97001860675,5568.788153337111,stable_winner,1,1
diamoeba3d,diamoeba3d,3,rule3d,12,0.5,60,1,"(2, 2, -2)",224023.74363058672,210192.29843289687,13831.445197689856,0.2892822265625,2,230796.1988375809,6772.455206994142,stable_winner,1,1
diamoeba3d,diamoeba3d,3,rule3d,12,0.5,80,1,"(1, 2, -2)",298347.0443108842,283718.46893119277,14628.575379691443,0.29520263671875,2,305972.5276023596,7625.483291475393,stable_winner,1,1
diamoeba3d,diamoeba3d,3,rule3d,13,0.5,10,1,"(1, -1, -1)",37790.43202658376,28695.68703702434,9094.744989559418,0.228662109375,2,39614.92350258814,1824.491476004383,stable_winner,1,1
diamoeba3d,diamoeba3d,3,rule3d,13,0.5,20,1,"(-1, -2, -2)",76862.22491085909,65991.92442183073,10870.30048902836,0.27015380859375,2,80510.83677564508,3648.611864785984,stable_winner,1,1
diamoeba3d,diamoeba3d,3,rule3d,13,0.5,40,1,"(-1, -2, 2)",152535.8218444639,139814.20039476355,12721.621449700366,0.292254638671875,2,158137.31888811383,5601.497043649928,stable_winner,1,1
diamoeba3d,diamoeba3d,3,rule3d,13,0.5,60,1,"(2, 2, 1)",227140.1875263005,213308.74232861065,13831.445197689856,0.2990966796875,2,233788.6497754244,6648.462249123928,stable_winner,1,1
diamoeba3d,diamoeba3d,3,rule3d,13,0.5,80,1,"(2, 2, 1)",301678.8619567116,287050.2865770202,14628.575379691443,0.3031768798828125,2,308864.91587739944,7186.053920687817,stable_winner,1,1
diamoeba3d,diamoeba3d,3,rule3d,14,0.5,10,1,"(-1, 0, 0)",33598.42428970878,24503.679300149364,9094.744989559418,0.1843505859375,2,36044.932167393104,2446.507877684322,stable_winner,1,1
diamoeba3d,diamoeba3d,3,rule3d,14,0.5,20,1,"(0, 0, 2)",74411.81076518641,63541.51027615805,10870.30048902836,0.25162353515625,2,77962.06511200129,3550.2543468148797,stable_winner,1,1
diamoeba3d,diamoeba3d,3,rule3d,14,0.5,40,1,"(-1, 2, 1)",150426.86817794197,137705.24672824162,12721.621449700366,0.282550048828125,2,155971.61264467868,5544.744466736709,stable_winner,1,1
diamoeba3d,diamoeba3d,3,rule3d,14,0.5,60,1,"(1, 2, 2)",225246.6834569067,211415.23825921683,13831.445197689856,0.2930948893229166,2,232029.57959703376,6782.896140127064,stable_winner,1,1
diamoeba3d,diamoeba3d,3,rule3d,14,0.5,80,1,"(1, 2, 2)",299372.172200742,284743.59682105057,14628.575379691443,0.2975006103515625,2,306941.7395428683,7569.567342126276,stable_winner,1,1
diamoeba3d,diamoeba3d,3,rule3d,15,0.5,10,1,"(-1, 0, 0)",36881.005942780524,27786.26095322111,9094.744989559418,0.2183349609375,2,38731.849392017786,1850.8434492372617,stable_winner,1,1
diamoeba3d,diamoeba3d,3,rule3d,15,0.5,20,1,"(0, 2, -2)",76728.25789654077,65857.95740751241,10870.30048902836,0.26920166015625,2,80255.2423985921,3526.984502051331,stable_winner,1,1
diamoeba3d,diamoeba3d,3,rule3d,15,0.5,40,1,"(-2, 1, -2)",152568.46584634433,139846.84439664398,12721.621449700366,0.292559814453125,2,158013.1836930903,5444.717846745974,stable_winner,1,1
diamoeba3d,diamoeba3d,3,rule3d,15,0.5,60,1,"(-2, 1, 2)",226952.5010891512,213121.05589146132,13831.445197689856,0.2986083984375,2,233635.74688157803,6683.245792426838,stable_winner,1,1
diamoeba3d,diamoeba3d,3,rule3d,15,0.5,80,1,"(0, 2, -1)",301008.7916675756,286380.21628788416,14628.575379691443,0.301483154296875,2,308347.6486882778,7338.857020702213,stable_winner,1,1
diamoeba3d,diamoeba3d,3,rule3d,16,0.5,10,1,"(0, -1, 0)",37601.80628692373,28507.061297364315,9094.744989559418,0.2239990234375,2,39089.6520362016,1487.845749277869,stable_winner,1,1
diamoeba3d,diamoeba3d,3,rule3d,16,0.5,20,1,"(-2, 2, 0)",77034.92696381002,66164.62647478166,10870.30048902836,0.271484375,2,80101.11050406811,3066.183540258091,stable_winner,1,1
diamoeba3d,diamoeba3d,3,rule3d,16,0.5,40,1,"(-2, -2, 2)",152460.08204118433,139738.46059148398,12721.621449700366,0.292303466796875,2,157750.9993704689,5290.917329284566,stable_winner,1,1
diamoeba3d,diamoeba3d,3,rule3d,16,0.5,60,1,"(2, -2, 2)",227119.01646749928,213287.5712698094,13831.445197689856,0.2993489583333333,2,233665.89494425396,6546.878476754704,stable_winner,1,1
diamoeba3d,diamoeba3d,3,rule3d,16,0.5,80,1,"(0, -2, 2)",301704.67241399875,287076.0970343073,14628.575379691443,0.3034515380859375,2,309116.9496940906,7412.277280091832,stable_winner,1,1
diamoeba3d,diamoeba3d,3,rule3d,17,0.5,10,1,"(-1, 0, 0)",33898.225200097615,24803.480210538193,9094.744989559418,0.1864013671875,2,36089.756217315226,2191.5310172176105,stable_winner,1,1
diamoeba3d,diamoeba3d,3,rule3d,17,0.5,20,1,"(0, -1, 2)",74465.719837494,63595.41934846564,10870.30048902836,0.2516845703125,2,77887.88061203185,3422.1607745378424,stable_winner,1,1
diamoeba3d,diamoeba3d,3,rule3d,17,0.5,40,1,"(0, 2, -2)",150558.00165893495,137836.3802092346,12721.621449700366,0.28319091796875,2,156188.17249951378,5630.170840578823,stable_winner,1,1
diamoeba3d,diamoeba3d,3,rule3d,17,0.5,60,1,"(2, 2, 1)",225176.9811423674,211345.5359446775,13831.445197689856,0.29267578125,2,231953.76843281844,6776.78729045103,stable_winner,1,1
diamoeba3d,diamoeba3d,3,rule3d,17,0.5,80,1,"(-2, 2, 1)",299560.1487476125,284931.57336792105,14628.575379691443,0.2978515625,2,307078.4992313779,7518.350483765418,stable_winner,1,1
diamoeba3d,diamoeba3d,3,rule3d,18,0.5,10,1,"(0, 1, 0)",35614.991009563586,26520.24602000417,9094.744989559418,0.203466796875,2,37268.75443823477,1653.7634286711836,stable_winner,1,1
diamoeba3d,diamoeba3d,3,rule3d,18,0.5,20,1,"(-2, -1, 1)",76097.49068231415,65227.19019328579,10870.30048902836,0.26400146484375,2,79181.65663060806,3084.165948293914,stable_winner,1,1
diamoeba3d,diamoeba3d,3,rule3d,18,0.5,40,1,"(2, -1, -2)",152138.9673944408,139417.34594474046,12721.621449700366,0.2905517578125,2,157467.25059409437,5328.283199653553,stable_winner,1,1
diamoeba3d,diamoeba3d,3,rule3d,18,0.5,60,1,"(2, -2, -2)",227023.6148203435,213192.16962265363,13831.445197689856,0.29893798828125,2,233548.08436380955,6524.469543466053,stable_winner,1,1
diamoeba3d,diamoeba3d,3,rule3d,18,0.5,80,1,"(2, 2, 2)",301519.437626283,286890.86224659154,14628.575379691443,0.3030426025390625,2,308740.60310238734,7221.165476104361,stable_winner,1,1
diamoeba3d,diamoeba3d,3,rule3d,19,0.5,10,1,"(1, 0, 0)",28956.278167583332,19861.53317802391,9094.744989559418,0.1378662109375,2,31458.530582635765,2502.252415052433,stable_winner,1,1
diamoeba3d,diamoeba3d,3,rule3d,19,0.5,20,1,"(1, 0, 0)",70670.76244010917,59800.46195108081,10870.30048902836,0.22427978515625,2,73961.33359615548,3290.5711560463096,stable_winner,1,1
diamoeba3d,diamoeba3d,3,rule3d,19,0.5,40,1,"(-2, -2, 0)",147583.06464274545,134861.4431930451,12721.621449700366,0.270111083984375,2,153219.78165128434,5636.717008538893,stable_winner,1,1
diamoeba3d,diamoeba3d,3,rule3d,19,0.5,60,1,"(-2, -2, 0)",222824.5246038953,208993.0794062054,13831.445197689856,0.2853271484375,2,229649.91270302297,6825.388099127682,stable_winner,1,1
diamoeba3d,diamoeba3d,3,rule3d,19,0.5,80,1,"(2, 2, 2)",297192.4905213631,282563.91514167166,14628.575379691443,0.2920196533203125,2,304684.91577751853,7492.425256155431,stable_winner,1,1
diamoeba3d,diamoeba3d,3,rule3d,20,0.5,10,1,"(0, 1, 0)",34872.61728816121,25777.87229860179,9094.744989559418,0.1940673828125,2,36612.8244258229,1740.207137661695,stable_winner,1,1
diamoeba3d,diamoeba3d,3,rule3d,20,0.5,20,1,"(-2, 2, -2)",75336.03392082216,64465.7334317938,10870.30048902836,0.25771484375,2,78685.82052137608,3349.7866005539254,stable_winner,1,1
diamoeba3d,diamoeba3d,3,rule3d,20,0.5,40,1,"(-2, 0, 2)",151023.52820451287,138301.90675481252,12721.621449700366,0.2849853515625,2,156505.8698712904,5482.341666777531,stable_winner,1,1
diamoeba3d,diamoeba3d,3,rule3d,20,0.5,60,1,"(1, -2, -1)",225790.52159360785,211959.076395918,13831.445197689856,0.29447021484375,2,232308.70853805132,6518.186944443471,stable_winner,1,1
diamoeba3d,diamoeba3d,3,rule3d,20,0.5,80,1,"(-2, 2, -2)",299895.63437666924,285267.0589969778,14628.575379691443,0.2988250732421875,2,307228.246218738,7332.611842068727,stable_winner,1,1
