rule,ac_period,ac_defect_rate,ac_rl_bits,our_shift,our_period,our_defect_rate,our_rl_bits,period_agrees,improvement_pct
S14_B11,2,0.00581,7315,"(0, 0)",2,0.00581,7315,True,0.0
S25_B12,4,0.00561,7836,"(0, 0)",4,0.00561,7836,True,0.0
S66_B36,2,0.00648,10185,"(0, 0)",2,0.00648,10185,True,0.0
S24_B11,2,0.02956,40768,"(0, 0)",6,0.02699,33620,False,8.7
S11_B37,4,0.03086,48798,"(0, 0)",8,0.02987,46202,False,3.2
S37_B11,2,0.04382,64954,"(0, 0)",6,0.04123,59446,False,5.9
