rule,mean_defect_rate,std_defect_rate,min_defect_rate,max_defect_rate,n_valid_seeds,modal_period,period_consistent
S14_B11,0.005437825520833333,0.00045889779214378464,0.004793294270833333,0.0061279296875,10,2,False
S25_B12,0.0053617350260416665,0.000642612697260042,0.004842122395833333,0.007177734375,10,4,False
S66_B36,0.006303304036458334,0.0006634719566485051,0.005289713541666667,0.007222493489583333,10,2,True
S24_B11,0.02569580078125,0.0023079942160357057,0.02020263671875,0.028336588541666666,10,6,True
S11_B37,0.026593831380208332,0.004359132606546115,0.018782552083333334,0.0336181640625,10,8,True
S37_B11,0.041528727213541665,0.0054669363405277106,0.035567220052083334,0.05628255208333333,10,6,False
