rule,ac_period,ac_defect_rate,ac_mdl_bits,mdl_period,mdl_defect_rate,mdl_bits,period_agrees,mdl_improvement
S14_B11,2,0.00581,15507,1,0.00629,13715,False,1792
S25_B12,4,0.00561,24220,2,0.00586,17376,False,6844
S66_B36,2,0.00648,18377,2,0.00648,18377,True,0
S24_B11,2,0.02956,48960,2,0.02956,48960,True,0
S11_B37,4,0.03086,65182,4,0.03086,65182,True,0
S37_B11,2,0.04382,73146,2,0.04382,73146,True,0
