rule,ac_period,ac_defect_rate,ac_mdl_bits,mdl_period,mdl_defect_rate,mdl_bits,period_agrees,mdl_improvement
S14_B11,2,0.00581,27413.623879612493,1,0.00629,21716.311939806248,False,5697
S25_B12,4,0.00561,39841.247759224985,2,0.00586,29282.623879612493,False,10559
S66_B36,2,0.00648,30283.623879612493,2,0.00648,30283.623879612493,True,0
S24_B11,2,0.02956,60866.623879612496,2,0.02956,60866.623879612496,True,0
S11_B37,4,0.03086,80803.24775922499,4,0.03086,80803.24775922499,True,0
S37_B11,2,0.04382,85052.6238796125,2,0.04382,85052.6238796125,True,0
