rule,mean_defect_rate,std_defect_rate,mean_mdl_bits,n_valid_seeds,modal_period,period_consistent
S14_B11,0.005865071614583333,0.0004931607052192519,21127,10,1,True
S25_B12,0.005815836588541666,0.0009067761183863507,28714,10,2,False
S66_B36,0.006303304036458334,0.0006634719566485051,29776,10,2,True
S24_B11,0.02781575520833333,0.0026266979801099414,58718,10,2,True
S11_B37,0.027514241536458334,0.005131120052104185,72284,10,4,False
S37_B11,0.04408121744791667,0.0054785311587818575,85336,10,2,True
