rule,mean_defect_rate,std_defect_rate,mean_mdl_bits,n_valid_seeds,modal_period,period_consistent
S14_B11,0.005865071614583333,0.0004931607052192519,13126,10,1,True
S25_B12,0.0056075032552083326,0.0006401148317967908,16900,10,2,True
S66_B36,0.006303304036458334,0.0006634719566485051,17869,10,2,True
S24_B11,0.02781575520833333,0.0026266979801099414,46811,10,2,True
S11_B37,0.027119140625,0.004390154432101842,56956,10,4,True
S37_B11,0.04408121744791667,0.0054785311587818575,73429,10,2,True
