raw_marginal_H,background_marginal_H,residual_marginal_H,defect_rate,raw_cond_H,background_cond_H,residual_cond_H,rule,period,shift,T
0.9992195103913155,0.9946660886725552,0.8755505736732976,0.2953645833333333,0.0,0.0,0.1488131774804257,54,4,0,800
0.9853613903442945,0.9622976945811311,0.8720366278889974,0.2925846354166667,0.0,0.2005220725937055,0.38589959847479166,110,7,0,800
0.9999980890808133,0.9867314371665743,0.9993922804207265,0.48548828125,0.0,0.0,0.09824044178254832,30,1,0,800
