rule,shift,period,defect_rate,run_length_bits,template_bits,mdl_bits,rule_error
54,0,4,0.20106,19852,768,21837.3,0.112
110,-2,4,0.32205,25428,768,27413.3,0.17195
30,-2,1,0.46745,31132,192,31820.3,0.42188
