rule,best_shift,best_period,defect_rate,run_length_bits,lz4_bits,rule_error
30,-5,10,0.3912037037037037,30656,27832,0.36349067599067597
54,0,8,0.2006293402777778,19840,20472,0.11123251748251749
110,0,7,0.30830439814814814,25924,27728,0.21117424242424243
